seed,model,variation,sample,n_generated,selected_nominal,selected_varied,entered,exited,final_entered,final_exited,mass_bin_changed
11,logistic,nominal,background,32000,4271,4271,0,0,0,0,0
11,logistic,nominal,signal,32000,19170,19170,0,0,0,0,0
11,logistic,scale_down,background,32000,4271,4066,0,205,52,210,908
11,logistic,scale_down,signal,32000,19170,18759,0,411,0,411,3966
11,logistic,scale_up,background,32000,4271,4499,228,0,226,97,879
11,logistic,scale_up,signal,32000,19170,19592,422,0,422,0,3984
11,logistic,resolution_down,background,32000,4271,4259,25,37,32,37,69
11,logistic,resolution_down,signal,32000,19170,19185,84,69,84,69,388
11,logistic,resolution_up,background,32000,4271,4272,36,35,36,38,63
11,logistic,resolution_up,signal,32000,19170,19159,61,72,61,72,422
11,boosted,nominal,background,32000,2834,2834,0,0,0,0,0
11,boosted,nominal,signal,32000,20695,20695,0,0,0,0,0
11,boosted,scale_down,background,32000,2834,2753,0,81,19,85,605
11,boosted,scale_down,signal,32000,20695,20384,9,320,9,320,4368
11,boosted,scale_up,background,32000,2834,2927,99,6,100,46,550
11,boosted,scale_up,signal,32000,20695,20961,283,17,283,17,4236
11,boosted,resolution_down,background,32000,2834,2827,34,41,36,41,44
11,boosted,resolution_down,signal,32000,20695,20734,143,104,143,104,409
11,boosted,resolution_up,background,32000,2834,2836,44,42,44,42,38
11,boosted,resolution_up,signal,32000,20695,20644,89,140,89,140,442
22,logistic,nominal,background,32000,3080,3080,0,0,0,0,0
22,logistic,nominal,signal,32000,16178,16178,0,0,0,0,0
22,logistic,scale_down,background,32000,3080,2918,0,162,41,161,614
22,logistic,scale_down,signal,32000,16178,15789,0,389,0,389,3247
22,logistic,scale_up,background,32000,3080,3239,159,0,158,78,649
22,logistic,scale_up,signal,32000,16178,16582,404,0,404,0,3398
22,logistic,resolution_down,background,32000,3080,3076,20,24,25,24,56
22,logistic,resolution_down,signal,32000,16178,16166,63,75,63,75,328
22,logistic,resolution_up,background,32000,3080,3084,27,23,27,23,57
22,logistic,resolution_up,signal,32000,16178,16198,74,54,74,54,319
22,boosted,nominal,background,32000,2397,2397,0,0,0,0,0
22,boosted,nominal,signal,32000,19338,19338,0,0,0,0,0
22,boosted,scale_down,background,32000,2397,2314,5,88,16,94,451
22,boosted,scale_down,signal,32000,19338,19036,8,310,8,310,3988
22,boosted,scale_up,background,32000,2397,2469,74,2,77,38,509
22,boosted,scale_up,signal,32000,19338,19591,264,11,264,11,4032
22,boosted,resolution_down,background,32000,2397,2385,32,44,32,44,54
22,boosted,resolution_down,signal,32000,19338,19365,131,104,131,104,401
22,boosted,resolution_up,background,32000,2397,2396,33,34,33,34,48
22,boosted,resolution_up,signal,32000,19338,19303,91,126,91,126,369
33,logistic,nominal,background,32000,3089,3089,0,0,0,0,0
33,logistic,nominal,signal,32000,15910,15910,0,0,0,0,0
33,logistic,scale_down,background,32000,3089,2934,0,155,32,156,669
33,logistic,scale_down,signal,32000,15910,15464,0,446,0,446,3219
33,logistic,scale_up,background,32000,3089,3241,152,0,149,96,667
33,logistic,scale_up,signal,32000,15910,16331,421,0,421,0,3209
33,logistic,resolution_down,background,32000,3089,3090,29,28,33,28,38
33,logistic,resolution_down,signal,32000,15910,15910,70,70,70,70,309
33,logistic,resolution_up,background,32000,3089,3088,30,31,30,34,52
33,logistic,resolution_up,signal,32000,15910,15926,81,65,81,65,317
33,boosted,nominal,background,32000,1981,1981,0,0,0,0,0
33,boosted,nominal,signal,32000,17529,17529,0,0,0,0,0
33,boosted,scale_down,background,32000,1981,1915,8,74,20,79,408
33,boosted,scale_down,signal,32000,17529,17258,26,297,26,297,3573
33,boosted,scale_up,background,32000,1981,2038,66,9,65,48,420
33,boosted,scale_up,signal,32000,17529,17809,304,24,304,24,3563
33,boosted,resolution_down,background,32000,1981,1980,19,20,19,20,25
33,boosted,resolution_down,signal,32000,17529,17567,138,100,138,100,332
33,boosted,resolution_up,background,32000,1981,1996,42,27,42,28,37
33,boosted,resolution_up,signal,32000,17529,17505,115,139,115,139,358
44,logistic,nominal,background,32000,3691,3691,0,0,0,0,0
44,logistic,nominal,signal,32000,17638,17638,0,0,0,0,0
44,logistic,scale_down,background,32000,3691,3513,0,178,45,181,803
44,logistic,scale_down,signal,32000,17638,17223,0,415,0,415,3575
44,logistic,scale_up,background,32000,3691,3875,184,0,182,88,786
44,logistic,scale_up,signal,32000,17638,18069,431,0,431,0,3646
44,logistic,resolution_down,background,32000,3691,3672,18,37,23,37,68
44,logistic,resolution_down,signal,32000,17638,17644,78,72,78,72,342
44,logistic,resolution_up,background,32000,3691,3711,40,20,40,26,78
44,logistic,resolution_up,signal,32000,17638,17655,79,62,79,62,361
44,boosted,nominal,background,32000,2349,2349,0,0,0,0,0
44,boosted,nominal,signal,32000,19116,19116,0,0,0,0,0
44,boosted,scale_down,background,32000,2349,2273,4,80,22,84,500
44,boosted,scale_down,signal,32000,19116,18872,12,256,12,256,3964
44,boosted,scale_up,background,32000,2349,2424,81,6,84,30,485
44,boosted,scale_up,signal,32000,19116,19369,269,16,269,16,3960
44,boosted,resolution_down,background,32000,2349,2337,34,46,38,46,35
44,boosted,resolution_down,signal,32000,19116,19143,128,101,128,101,371
44,boosted,resolution_up,background,32000,2349,2357,42,34,41,38,53
44,boosted,resolution_up,signal,32000,19116,19063,103,156,103,156,404
55,logistic,nominal,background,32000,3085,3085,0,0,0,0,0
55,logistic,nominal,signal,32000,15942,15942,0,0,0,0,0
55,logistic,scale_down,background,32000,3085,2916,0,169,30,171,604
55,logistic,scale_down,signal,32000,15942,15524,0,418,0,418,3264
55,logistic,scale_up,background,32000,3085,3273,188,0,188,87,615
55,logistic,scale_up,signal,32000,15942,16370,428,0,428,0,3354
55,logistic,resolution_down,background,32000,3085,3076,24,33,33,32,54
55,logistic,resolution_down,signal,32000,15942,15933,74,83,74,83,339
55,logistic,resolution_up,background,32000,3085,3106,39,18,39,21,51
55,logistic,resolution_up,signal,32000,15942,15955,72,59,72,59,327
55,boosted,nominal,background,32000,2373,2373,0,0,0,0,0
55,boosted,nominal,signal,32000,19178,19178,0,0,0,0,0
55,boosted,scale_down,background,32000,2373,2308,7,72,23,74,499
55,boosted,scale_down,signal,32000,19178,18894,18,302,18,302,3932
55,boosted,scale_up,background,32000,2373,2455,85,3,87,36,450
55,boosted,scale_up,signal,32000,19178,19447,287,18,287,18,4022
55,boosted,resolution_down,background,32000,2373,2365,28,36,32,36,43
55,boosted,resolution_down,signal,32000,19178,19197,127,108,127,108,406
55,boosted,resolution_up,background,32000,2373,2384,40,29,40,31,34
55,boosted,resolution_up,signal,32000,19178,19173,113,118,113,118,383
