seed,model,z_known_background,z_norm_only,z_norm_and_response,bestfit_scale,bestfit_resolution,bestfit_norm,response_at_boundary
11,logistic,6.567649328424232,6.01179890216466,5.983232097409769,-0.1314669847453088,-0.25344036897806504,0.4997213529480929,False
11,boosted,8.026382678298768,7.249166760081453,7.249166762017163,1.213714137649215e-10,-2.387010139255025e-08,0.7182448499403024,False
22,logistic,6.8862944984151415,6.371239692883889,6.227642349684809,-0.26912324944728055,-0.9999999400936235,0.6107915648346518,True
22,boosted,7.849277035635788,7.033713074868433,7.028152567433939,-0.08535478924962607,-2.411323998533732e-08,0.806679782339103,False
33,logistic,6.36309432019131,5.824699327976563,5.7285491921858105,-0.31056213746048444,0.29909635769431686,0.6142621021217693,False
33,boosted,7.484901161876847,6.644412218765555,6.644412220242519,1.0101052962239297e-09,9.273696857362279e-09,0.8461079603879283,False
44,logistic,6.851482971172706,6.334510412269852,6.243411576253159,-0.058450966762850276,0.8178234173185014,0.4815612060443725,False
44,boosted,7.9890281623524455,7.1917190887102045,7.185710402618392,-0.10440898341969376,9.97323995492518e-09,0.812942710023415,False
55,logistic,6.864884755420185,6.366680525256056,6.13835215475731,0.5178515506684378,0.8277162189723152,0.3733199946094448,False
55,boosted,8.042189286972262,7.2539057748113525,7.181445154277999,-0.24054268477095644,0.5582984219378807,0.8108363285513047,False
