seed,model,variation,threshold,auc,signal_yield,background_yield,z_conditional_known_b,relative_signal_shift,relative_background_shift
11,logistic,nominal,0.662040788209626,0.8450848740234375,107.83124999999998,1577.25,6.567649328424232,0.0,0.0
11,logistic,scale_down,0.662040788209626,0.845126068359375,105.51937500000001,1518.0,6.528159347497579,-0.021439749608763492,-0.03756538278649546
11,logistic,scale_up,0.662040788209626,0.84503938671875,110.205,1625.625,6.547074620987188,0.022013562858633318,0.030670470756062773
11,logistic,resolution_down,0.662040788209626,0.84545552734375,107.915625,1575.375,6.623933536058215,0.0007824726134586513,-0.001188777936281471
11,logistic,resolution_up,0.662040788209626,0.8446790380859376,107.769375,1576.5,6.492277977925633,-0.0005738132498694926,-0.0004755111745126106
11,boosted,nominal,0.724714646721101,0.9043618305664062,116.40937500000001,1053.75,8.026382678298768,0.0,0.0
11,boosted,scale_down,0.724714646721101,0.9040289887695312,114.65999999999998,1029.0,8.018598669281147,-0.015027784489007212,-0.02348754448398571
11,boosted,scale_up,0.724714646721101,0.9047536313476563,117.90562500000001,1074.0,7.977429635541754,0.012853346218893558,0.019217081850533724
11,boosted,resolution_down,0.724714646721101,0.904767458984375,116.62875000000001,1051.875,8.134988039187345,0.0018845131674316562,-0.001779359430605032
11,boosted,resolution_up,0.724714646721101,0.9038291552734374,116.1225,1054.5,8.024097674113019,-0.0024643633727954306,0.000711743772241924
22,logistic,nominal,0.7247545577213144,0.8454023017578125,91.00125,1132.875,6.8862944984151415,0.0,0.0
22,logistic,scale_down,0.7247545577213144,0.8454427109374999,88.813125,1087.875,6.823365121379842,-0.024044999381876653,-0.03972194637537241
22,logistic,scale_up,0.7247545577213144,0.8453569169921875,93.27374999999999,1162.875,6.9157620942660945,0.024972184448015744,0.02648129758358153
22,logistic,resolution_down,0.7247545577213144,0.8457698359375,90.93374999999997,1133.25,6.895012047374004,-0.0007417480529116061,0.00033101621979469975
22,logistic,resolution_up,0.7247545577213144,0.8449933232421875,91.11375,1134.375,6.869771642058098,0.0012362467548523437,0.001324064879179021
22,boosted,nominal,0.7502758257766123,0.9035984853515625,108.77624999999999,889.875,7.849277035635788,0.0,0.0
22,boosted,scale_down,0.7502758257766123,0.9032702187499999,107.0775,860.625,7.850108954817043,-0.015616920053780015,-0.03286978508217442
22,boosted,scale_up,0.7502758257766123,0.9038873159179687,110.199375,904.5,7.899078404688834,0.013083048919226625,0.01643489254108732
22,boosted,resolution_down,0.7502758257766123,0.9040600932617187,108.92812500000001,885.375,7.921790231915053,0.0013962147067951847,-0.005056890012642201
22,boosted,resolution_up,0.7502758257766123,0.9031571000976564,108.579375,889.5,7.8159434117694015,-0.001809907953252532,-0.0004214075010535723
33,logistic,nominal,0.7326272800389307,0.8432557812499999,89.49374999999999,1141.125,6.36309432019131,0.0,0.0
33,logistic,scale_down,0.7326272800389307,0.843301568359375,86.985,1094.625,6.265809059255827,-0.028032683846637263,-0.04074926059809403
33,logistic,scale_up,0.7326272800389307,0.8432049794921876,91.86187499999998,1161.0,6.29499856636133,0.026461345065996067,0.017417022674991678
33,logistic,resolution_down,0.7326272800389307,0.8436501503906249,89.49374999999999,1143.0,6.469842546952941,0.0,0.0016431153466973658
33,logistic,resolution_up,0.7326272800389307,0.8428234521484376,89.58375000000001,1139.625,6.2993017251270595,0.001005656819610401,-0.0013144922773579149
33,boosted,nominal,0.7873814343388806,0.9014229145507812,98.600625,737.25,7.484901161876847,0.0,0.0
33,boosted,scale_down,0.7873814343388806,0.9011584716796874,97.07625000000002,715.125,7.581876594405992,-0.015460094700210814,-0.03001017293997965
33,boosted,scale_up,0.7873814343388806,0.9016543217773437,100.17562500000001,743.625,7.527777156959572,0.015973529579554002,0.008646998982706045
33,boosted,resolution_down,0.7873814343388806,0.9018205244140625,98.81437500000001,736.875,7.61590997805005,0.002167836157225267,-0.0005086469989826758
33,boosted,resolution_up,0.7873814343388806,0.9009176254882812,98.465625,742.5,7.419257104933281,-0.0013691596782473558,0.007121057985757906
44,logistic,nominal,0.6963136828824671,0.84365223828125,99.21374999999999,1361.25,6.851482971172706,0.0,0.0
44,logistic,scale_down,0.6963136828824671,0.843698216796875,96.87937500000001,1310.25,6.824444827376374,-0.02352874475564104,-0.03746556473829199
44,logistic,scale_up,0.6963136828824671,0.84360153125,101.638125,1396.5,6.851181827753633,0.024435877083569757,0.02589531680440782
44,logistic,resolution_down,0.6963136828824671,0.843976193359375,99.2475,1356.0,6.915920372185912,0.00034017462297319945,-0.0038567493112947604
44,logistic,resolution_up,0.6963136828824671,0.8432908671875001,99.30937499999999,1366.5,6.754425766392893,0.0009638280984238801,0.0038567493112948714
44,boosted,nominal,0.754404933520871,0.9029811889648438,107.52750000000002,870.75,7.9890281623524455,0.0,0.0
44,boosted,scale_down,0.754404933520871,0.9027137954101563,106.155,847.5,8.008385672731567,-0.012764176605984612,-0.0267011197243755
44,boosted,scale_up,0.754404933520871,0.9032583559570312,108.95062500000002,891.0,7.958132136935219,0.013234986398828141,0.023255813953488413
44,boosted,resolution_down,0.754404933520871,0.9033641391601562,107.67937500000001,867.75,8.090060940836159,0.0014124293785309217,-0.003445305770887197
44,boosted,resolution_up,0.754404933520871,0.9024333286132813,107.229375,871.875,7.969457728423295,-0.0027725465578574138,0.0012919896640826156
55,logistic,nominal,0.7315408189376229,0.8445833994140626,89.67375,1140.375,6.864884755420185,0.0,0.0
55,logistic,scale_down,0.7315408189376229,0.8446298886718749,87.3225,1087.5,6.822007529897534,-0.02622004767281383,-0.04636632686616249
55,logistic,scale_up,0.7315408189376229,0.8445325224609375,92.08125,1178.25,6.610764634802427,0.026847321540584668,0.03321275896086817
55,logistic,resolution_down,0.7315408189376229,0.8449334619140625,89.623125,1140.75,6.982496801831265,-0.0005645464809935774,0.0003288391976323801
55,logistic,resolution_up,0.7315408189376229,0.8441956074218748,89.74687499999999,1147.125,6.752220872794304,0.0008154560281017353,0.005919105557382398
55,boosted,nominal,0.7549144868285823,0.9042709262695312,107.87625,880.5,8.042189286972262,0.0,0.0
55,boosted,scale_down,0.7549144868285823,0.9039634340820314,106.27875,861.375,7.892931784733398,-0.01480863489414952,-0.021720613287904644
55,boosted,scale_up,0.7549144868285823,0.9045528237304687,109.38937499999999,899.625,7.893586275882076,0.014026488684951488,0.021720613287904644
55,boosted,resolution_down,0.7549144868285823,0.9047958237304687,107.98312500000002,879.0,8.196705178323777,0.0009907185316511136,-0.0017035775127768327
55,boosted,resolution_up,0.7549144868285823,0.9036591674804687,107.848125,883.875,7.92033412447299,-0.00026071540306604746,0.0038330494037479568
