seed,model,auc,threshold,norm,shape,z,s,b
11,logistic,0.8436993437499999,0.6266697622045688,0.0,0.0,6.979578535994606,115.605,1893.75
11,logistic,0.8436993437499999,0.6266697622045688,0.0,0.15,6.8015452712346685,115.605,1893.75
11,logistic,0.8436993437499999,0.6266697622045688,0.0,0.35,6.788320945222481,115.605,1893.75
11,logistic,0.8436993437499999,0.6266697622045688,0.0,0.6,6.78618977321153,115.605,1893.75
11,logistic,0.8436993437499999,0.6266697622045688,0.05,0.0,6.558652461237008,115.605,1893.75
11,logistic,0.8436993437499999,0.6266697622045688,0.05,0.15,6.368863606941866,115.605,1893.75
11,logistic,0.8436993437499999,0.6266697622045688,0.05,0.35,6.354738926385566,115.605,1893.75
11,logistic,0.8436993437499999,0.6266697622045688,0.05,0.6,6.3524622946708185,115.605,1893.75
11,logistic,0.8436993437499999,0.6266697622045688,0.15,0.0,6.478580278630556,115.605,1893.75
11,logistic,0.8436993437499999,0.6266697622045688,0.15,0.15,6.286374468896922,115.605,1893.75
11,logistic,0.8436993437499999,0.6266697622045688,0.15,0.35,6.272064025652998,115.605,1893.75
11,logistic,0.8436993437499999,0.6266697622045688,0.15,0.6,6.269757373661685,115.605,1893.75
11,logistic,0.8436993437499999,0.6266697622045688,0.3,0.0,6.468953712457788,115.605,1893.75
11,logistic,0.8436993437499999,0.6266697622045688,0.3,0.15,6.276453112264889,115.605,1893.75
11,logistic,0.8436993437499999,0.6266697622045688,0.3,0.35,6.262119996387097,115.605,1893.75
11,logistic,0.8436993437499999,0.6266697622045688,0.3,0.6,6.2598096801616565,115.605,1893.75
11,boosted,0.9017851660156251,0.7822989091403264,0.0,0.0,8.474007482536512,98.33625,707.25
11,boosted,0.9017851660156251,0.7822989091403264,0.0,0.15,8.335355761135808,98.33625,707.25
11,boosted,0.9017851660156251,0.7822989091403264,0.0,0.35,8.30949478917713,98.33625,707.25
11,boosted,0.9017851660156251,0.7822989091403264,0.0,0.6,8.304817232914608,98.33625,707.25
11,boosted,0.9017851660156251,0.7822989091403264,0.05,0.0,7.961439685628337,98.33625,707.25
11,boosted,0.9017851660156251,0.7822989091403264,0.05,0.15,7.813697890148606,98.33625,707.25
11,boosted,0.9017851660156251,0.7822989091403264,0.05,0.35,7.786104462770536,98.33625,707.25
11,boosted,0.9017851660156251,0.7822989091403264,0.05,0.6,7.781112280768641,98.33625,707.25
11,boosted,0.9017851660156251,0.7822989091403264,0.15,0.0,7.716527054659872,98.33625,707.25
11,boosted,0.9017851660156251,0.7822989091403264,0.15,0.15,7.564003082754047,98.33625,707.25
11,boosted,0.9017851660156251,0.7822989091403264,0.15,0.35,7.535495380038059,98.33625,707.25
11,boosted,0.9017851660156251,0.7822989091403264,0.15,0.6,7.53033706040629,98.33625,707.25
11,boosted,0.9017851660156251,0.7822989091403264,0.3,0.0,7.679254601890051,98.33625,707.25
11,boosted,0.9017851660156251,0.7822989091403264,0.3,0.15,7.5259752916990434,98.33625,707.25
11,boosted,0.9017851660156251,0.7822989091403264,0.3,0.35,7.497322994104412,98.33625,707.25
11,boosted,0.9017851660156251,0.7822989091403264,0.3,0.6,7.49213839292096,98.33625,707.25
22,logistic,0.84832089453125,0.6665769953288375,0.0,0.0,6.585095033474878,107.02125000000001,1562.25
22,logistic,0.84832089453125,0.6665769953288375,0.0,0.15,6.3908403478432625,107.02125000000001,1562.25
22,logistic,0.84832089453125,0.6665769953288375,0.0,0.35,6.373026156736456,107.02125000000001,1562.25
22,logistic,0.84832089453125,0.6665769953288375,0.0,0.6,6.370101508251714,107.02125000000001,1562.25
22,logistic,0.84832089453125,0.6665769953288375,0.05,0.0,6.137273622289184,107.02125000000001,1562.25
22,logistic,0.84832089453125,0.6665769953288375,0.05,0.15,5.928363287330874,107.02125000000001,1562.25
22,logistic,0.84832089453125,0.6665769953288375,0.05,0.35,5.909155041915733,107.02125000000001,1562.25
22,logistic,0.84832089453125,0.6665769953288375,0.05,0.6,5.906000689161978,107.02125000000001,1562.25
22,logistic,0.84832089453125,0.6665769953288375,0.15,0.0,6.034236295625159,107.02125000000001,1562.25
22,logistic,0.84832089453125,0.6665769953288375,0.15,0.15,5.821629619201648,107.02125000000001,1562.25
22,logistic,0.84832089453125,0.6665769953288375,0.15,0.35,5.8020680335542005,107.02125000000001,1562.25
22,logistic,0.84832089453125,0.6665769953288375,0.15,0.6,5.7988554299081505,107.02125000000001,1562.25
22,logistic,0.84832089453125,0.6665769953288375,0.3,0.0,6.021392491897196,107.02125000000001,1562.25
22,logistic,0.84832089453125,0.6665769953288375,0.3,0.15,5.808315701922699,107.02125000000001,1562.25
22,logistic,0.84832089453125,0.6665769953288375,0.3,0.35,5.788709125187361,107.02125000000001,1562.25
22,logistic,0.84832089453125,0.6665769953288375,0.3,0.6,5.785489103525393,107.02125000000001,1562.25
22,boosted,0.906881279296875,0.7601338605076235,0.0,0.0,7.741281480972968,107.03250000000001,826.5
22,boosted,0.906881279296875,0.7601338605076235,0.0,0.15,7.63314333986681,107.03250000000001,826.5
22,boosted,0.906881279296875,0.7601338605076235,0.0,0.35,7.615383215481845,107.03250000000001,826.5
22,boosted,0.906881279296875,0.7601338605076235,0.0,0.6,7.612239358152509,107.03250000000001,826.5
22,boosted,0.906881279296875,0.7601338605076235,0.05,0.0,7.135005114449485,107.03250000000001,826.5
22,boosted,0.906881279296875,0.7601338605076235,0.05,0.15,7.017530638516524,107.03250000000001,826.5
22,boosted,0.906881279296875,0.7601338605076235,0.05,0.35,6.998208380307631,107.03250000000001,826.5
22,boosted,0.906881279296875,0.7601338605076235,0.05,0.6,6.994787134814862,107.03250000000001,826.5
22,boosted,0.906881279296875,0.7601338605076235,0.15,0.0,6.881033660552405,107.03250000000001,826.5
22,boosted,0.906881279296875,0.7601338605076235,0.15,0.15,6.759146581999313,107.03250000000001,826.5
22,boosted,0.906881279296875,0.7601338605076235,0.15,0.35,6.739083527353161,107.03250000000001,826.5
22,boosted,0.906881279296875,0.7601338605076235,0.15,0.6,6.73553066326673,107.03250000000001,826.5
22,boosted,0.906881279296875,0.7601338605076235,0.3,0.0,6.844057460410609,107.03250000000001,826.5
22,boosted,0.906881279296875,0.7601338605076235,0.3,0.15,6.721499892189241,107.03250000000001,826.5
22,boosted,0.906881279296875,0.7601338605076235,0.3,0.35,6.701324128289105,107.03250000000001,826.5
22,boosted,0.906881279296875,0.7601338605076235,0.3,0.6,6.697751234522924,107.03250000000001,826.5
33,logistic,0.845630359375,0.6649951270268288,0.0,0.0,6.582395460038491,107.71875,1627.5
33,logistic,0.845630359375,0.6649951270268288,0.0,0.15,6.364475247887341,107.71875,1627.5
33,logistic,0.845630359375,0.6649951270268288,0.0,0.35,6.34455473798964,107.71875,1627.5
33,logistic,0.845630359375,0.6649951270268288,0.0,0.6,6.341285457975516,107.71875,1627.5
33,logistic,0.845630359375,0.6649951270268288,0.05,0.0,6.1431802562234905,107.71875,1627.5
33,logistic,0.845630359375,0.6649951270268288,0.05,0.15,5.909084434080219,107.71875,1627.5
33,logistic,0.845630359375,0.6649951270268288,0.05,0.35,5.8876233313167665,107.71875,1627.5
33,logistic,0.845630359375,0.6649951270268288,0.05,0.6,5.884100179946836,107.71875,1627.5
33,logistic,0.845630359375,0.6649951270268288,0.15,0.0,6.046066213311564,107.71875,1627.5
33,logistic,0.845630359375,0.6649951270268288,0.15,0.15,5.808057493205695,107.71875,1627.5
33,logistic,0.845630359375,0.6649951270268288,0.15,0.35,5.786221693537084,107.71875,1627.5
33,logistic,0.845630359375,0.6649951270268288,0.15,0.6,5.782636762147879,107.71875,1627.5
33,logistic,0.845630359375,0.6649951270268288,0.3,0.0,6.0340573407422555,107.71875,1627.5
33,logistic,0.845630359375,0.6649951270268288,0.3,0.15,5.795555467770154,107.71875,1627.5
33,logistic,0.845630359375,0.6649951270268288,0.3,0.35,5.773672386131455,107.71875,1627.5
33,logistic,0.845630359375,0.6649951270268288,0.3,0.6,5.770079657904377,107.71875,1627.5
33,boosted,0.908557572265625,0.7982183144905008,0.0,0.0,7.564309980518402,99.02250000000001,698.25
33,boosted,0.908557572265625,0.7982183144905008,0.0,0.15,7.432368290771387,99.02250000000001,698.25
33,boosted,0.908557572265625,0.7982183144905008,0.0,0.35,7.408215883068977,99.02250000000001,698.25
33,boosted,0.908557572265625,0.7982183144905008,0.0,0.6,7.403859882755618,99.02250000000001,698.25
33,boosted,0.908557572265625,0.7982183144905008,0.05,0.0,6.972041255865966,99.02250000000001,698.25
33,boosted,0.908557572265625,0.7982183144905008,0.05,0.15,6.828665477367518,99.02250000000001,698.25
33,boosted,0.908557572265625,0.7982183144905008,0.05,0.35,6.802369907780835,99.02250000000001,698.25
33,boosted,0.908557572265625,0.7982183144905008,0.05,0.6,6.79762568516425,99.02250000000001,698.25
33,boosted,0.908557572265625,0.7982183144905008,0.15,0.0,6.6814851329459595,99.02250000000001,698.25
33,boosted,0.908557572265625,0.7982183144905008,0.15,0.15,6.531734571311946,99.02250000000001,698.25
33,boosted,0.908557572265625,0.7982183144905008,0.15,0.35,6.504238669557191,99.02250000000001,698.25
33,boosted,0.908557572265625,0.7982183144905008,0.15,0.6,6.499276826223487,99.02250000000001,698.25
33,boosted,0.908557572265625,0.7982183144905008,0.3,0.0,6.636809434938561,99.02250000000001,698.25
33,boosted,0.908557572265625,0.7982183144905008,0.3,0.15,6.486027474809463,99.02250000000001,698.25
33,boosted,0.908557572265625,0.7982183144905008,0.3,0.35,6.458336981334644,99.02250000000001,698.25
33,boosted,0.908557572265625,0.7982183144905008,0.3,0.6,6.453339845211718,99.02250000000001,698.25
44,logistic,0.8450339101562501,0.7268566433227261,0.0,0.0,7.020077027694578,90.0675,1137.75
44,logistic,0.8450339101562501,0.7268566433227261,0.0,0.15,6.734808457352315,90.0675,1137.75
44,logistic,0.8450339101562501,0.7268566433227261,0.0,0.35,6.695757870289748,90.0675,1137.75
44,logistic,0.8450339101562501,0.7268566433227261,0.0,0.6,6.689044078213942,90.0675,1137.75
44,logistic,0.8450339101562501,0.7268566433227261,0.05,0.0,6.644260869300146,90.0675,1137.75
44,logistic,0.8450339101562501,0.7268566433227261,0.05,0.15,6.342110530554648,90.0675,1137.75
44,logistic,0.8450339101562501,0.7268566433227261,0.05,0.35,6.300626515045558,90.0675,1137.75
44,logistic,0.8450339101562501,0.7268566433227261,0.05,0.6,6.293491217506948,90.0675,1137.75
44,logistic,0.8450339101562501,0.7268566433227261,0.15,0.0,6.528227621621372,90.0675,1137.75
44,logistic,0.8450339101562501,0.7268566433227261,0.15,0.15,6.2204436628072814,90.0675,1137.75
44,logistic,0.8450339101562501,0.7268566433227261,0.15,0.35,6.178142751869867,90.0675,1137.75
44,logistic,0.8450339101562501,0.7268566433227261,0.15,0.6,6.170865829462181,90.0675,1137.75
44,logistic,0.8450339101562501,0.7268566433227261,0.3,0.0,6.512745308804694,90.0675,1137.75
44,logistic,0.8450339101562501,0.7268566433227261,0.3,0.15,6.204193335141692,90.0675,1137.75
44,logistic,0.8450339101562501,0.7268566433227261,0.3,0.35,6.161780865962342,90.0675,1137.75
44,logistic,0.8450339101562501,0.7268566433227261,0.3,0.6,6.154484597663837,90.0675,1137.75
44,boosted,0.90487205859375,0.7237720264792216,0.0,0.0,8.406403841505673,117.87750000000001,1042.5
44,boosted,0.90487205859375,0.7237720264792216,0.0,0.15,8.29099513503467,117.87750000000001,1042.5
44,boosted,0.90487205859375,0.7237720264792216,0.0,0.35,8.276368232414047,117.87750000000001,1042.5
44,boosted,0.90487205859375,0.7237720264792216,0.0,0.6,8.273876661608847,117.87750000000001,1042.5
44,boosted,0.90487205859375,0.7237720264792216,0.05,0.0,7.832309807122632,117.87750000000001,1042.5
44,boosted,0.90487205859375,0.7237720264792216,0.05,0.15,7.7083105605208635,117.87750000000001,1042.5
44,boosted,0.90487205859375,0.7237720264792216,0.05,0.35,7.6925758031221605,117.87750000000001,1042.5
44,boosted,0.90487205859375,0.7237720264792216,0.05,0.6,7.689895082495187,117.87750000000001,1042.5
44,boosted,0.90487205859375,0.7237720264792216,0.15,0.0,7.640508104125269,117.87750000000001,1042.5
44,boosted,0.90487205859375,0.7237720264792216,0.15,0.15,7.513344053874496,117.87750000000001,1042.5
44,boosted,0.90487205859375,0.7237720264792216,0.15,0.35,7.497200121461015,117.87750000000001,1042.5
44,boosted,0.90487205859375,0.7237720264792216,0.15,0.6,7.494449516424681,117.87750000000001,1042.5
44,boosted,0.90487205859375,0.7237720264792216,0.3,0.0,7.6144199522487925,117.87750000000001,1042.5
44,boosted,0.90487205859375,0.7237720264792216,0.3,0.15,7.486812805987065,117.87750000000001,1042.5
44,boosted,0.90487205859375,0.7237720264792216,0.3,0.35,7.4706115399768755,117.87750000000001,1042.5
44,boosted,0.90487205859375,0.7237720264792216,0.3,0.6,7.467851141676489,117.87750000000001,1042.5
55,logistic,0.8495271484375,0.6228004063671906,0.0,0.0,7.144971989154685,117.45,1881.0
55,logistic,0.8495271484375,0.6228004063671906,0.0,0.15,7.007491930936235,117.45,1881.0
55,logistic,0.8495271484375,0.6228004063671906,0.0,0.35,6.997767766542418,117.45,1881.0
55,logistic,0.8495271484375,0.6228004063671906,0.0,0.6,6.996206534409287,117.45,1881.0
55,logistic,0.8495271484375,0.6228004063671906,0.05,0.0,6.718459465601151,117.45,1881.0
55,logistic,0.8495271484375,0.6228004063671906,0.05,0.15,6.572063300612468,117.45,1881.0
55,logistic,0.8495271484375,0.6228004063671906,0.05,0.35,6.561693880362049,117.45,1881.0
55,logistic,0.8495271484375,0.6228004063671906,0.05,0.6,6.560028867103548,117.45,1881.0
55,logistic,0.8495271484375,0.6228004063671906,0.15,0.0,6.636880435476909,117.45,1881.0
55,logistic,0.8495271484375,0.6228004063671906,0.15,0.15,6.488643953180634,117.45,1881.0
55,logistic,0.8495271484375,0.6228004063671906,0.15,0.35,6.478141006760441,117.45,1881.0
55,logistic,0.8495271484375,0.6228004063671906,0.15,0.6,6.476454513167091,117.45,1881.0
55,logistic,0.8495271484375,0.6228004063671906,0.3,0.0,6.627063996155311,117.45,1881.0
55,logistic,0.8495271484375,0.6228004063671906,0.3,0.15,6.47860290845716,117.45,1881.0
55,logistic,0.8495271484375,0.6228004063671906,0.3,0.35,6.468083657297044,117.45,1881.0
55,logistic,0.8495271484375,0.6228004063671906,0.3,0.6,6.466394540657431,117.45,1881.0
55,boosted,0.9057699121093751,0.7617545267590985,0.0,0.0,8.873102161337961,110.28375,932.25
55,boosted,0.9057699121093751,0.7617545267590985,0.0,0.15,8.752220501021577,110.28375,932.25
55,boosted,0.9057699121093751,0.7617545267590985,0.0,0.35,8.735560003988052,110.28375,932.25
55,boosted,0.9057699121093751,0.7617545267590985,0.0,0.6,8.732689912202959,110.28375,932.25
55,boosted,0.9057699121093751,0.7617545267590985,0.05,0.0,8.360810876191067,110.28375,932.25
55,boosted,0.9057699121093751,0.7617545267590985,0.05,0.15,8.232410354227783,110.28375,932.25
55,boosted,0.9057699121093751,0.7617545267590985,0.05,0.35,8.21469568061837,110.28375,932.25
55,boosted,0.9057699121093751,0.7617545267590985,0.05,0.6,8.211643541008444,110.28375,932.25
55,boosted,0.9057699121093751,0.7617545267590985,0.15,0.0,8.171998053437056,110.28375,932.25
55,boosted,0.9057699121093751,0.7617545267590985,0.15,0.15,8.040582933988132,110.28375,932.25
55,boosted,0.9057699121093751,0.7617545267590985,0.15,0.35,8.022444689937995,110.28375,932.25
55,boosted,0.9057699121093751,0.7617545267590985,0.15,0.6,8.019319380254778,110.28375,932.25
55,boosted,0.9057699121093751,0.7617545267590985,0.3,0.0,8.145592964792705,110.28375,932.25
55,boosted,0.9057699121093751,0.7617545267590985,0.3,0.15,8.013744847513086,110.28375,932.25
55,boosted,0.9057699121093751,0.7617545267590985,0.3,0.35,7.995545720325522,110.28375,932.25
55,boosted,0.9057699121093751,0.7617545267590985,0.3,0.6,7.992409892218449,110.28375,932.25
