norm,shape,mean_delta_z,seed_sd_delta_z,reversal_count,seeds
0.0,0.0,1.3493973801028558,0.290779376301633,0,5
0.0,0.15,1.428984354515286,0.2702314867767656,0,5
0.0,0.35,1.4291189294698616,0.27163503135334777,0,5
0.0,0.6,1.4289311391145105,0.2720514863061707,0,5
0.05,0.0,1.2119560129213016,0.32205676220955537,0,5
0.05,0.15,1.296025952252244,0.2933851716445993,0,5
0.05,0.35,1.2960233079147718,0.29289992774912205,0,5
0.05,0.6,1.295796095172251,0.2929858100622282,0,5
0.15,0.0,1.0735122322110002,0.3481905405650623,0,5
0.15,0.15,1.1567324053271508,0.32593641157368836,0,5
0.15,0.35,1.156364975394566,0.32737273453501675,0,5
0.15,0.6,1.156068707645796,0.3278056250876482,0,5
0.3,0.0,1.0511843128446947,0.3534087333324183,0,5
0.3,0.15,1.134187957328261,0.3323494027575949,0,5
0.3,0.35,1.1337550666130518,0.33411582170697457,0,5
0.3,0.6,1.1334465853275693,0.33460777736045816,0,5
