paper,source,metric,family,case,method,mean,std,n_runs
2306.08827v2,main_table,L2RE,Burgers,1d-C,PINN,0.0145,,3
2306.08827v2,main_table,L2RE,Burgers,1d-C,PINN-w,0.0263,,3
2306.08827v2,main_table,L2RE,Burgers,1d-C,LBFGS,0.0133,,3
2306.08827v2,main_table,L2RE,Burgers,1d-C,LRA,0.0261,,3
2306.08827v2,main_table,L2RE,Burgers,1d-C,NTK,0.0184,,3
2306.08827v2,main_table,L2RE,Burgers,1d-C,RAR,0.0332,,3
2306.08827v2,main_table,L2RE,Burgers,1d-C,MultiAdam,0.0485,,3
2306.08827v2,main_table,L2RE,Burgers,1d-C,gPINN,0.216,,3
2306.08827v2,main_table,L2RE,Burgers,1d-C,vPINN,0.347,,3
2306.08827v2,main_table,L2RE,Burgers,1d-C,LAAF,0.0143,,3
2306.08827v2,main_table,L2RE,Burgers,1d-C,GAAF,0.052,,3
2306.08827v2,main_table,L2RE,Burgers,1d-C,FBPINN,0.232,,3
2306.08827v2,main_table,L2RE,Burgers,2d-C,PINN,0.324,,3
2306.08827v2,main_table,L2RE,Burgers,2d-C,PINN-w,0.27,,3
2306.08827v2,main_table,L2RE,Burgers,2d-C,LBFGS,0.465,,3
2306.08827v2,main_table,L2RE,Burgers,2d-C,LRA,0.26,,3
2306.08827v2,main_table,L2RE,Burgers,2d-C,NTK,0.275,,3
2306.08827v2,main_table,L2RE,Burgers,2d-C,RAR,0.345,,3
2306.08827v2,main_table,L2RE,Burgers,2d-C,MultiAdam,0.333,,3
2306.08827v2,main_table,L2RE,Burgers,2d-C,gPINN,0.327,,3
2306.08827v2,main_table,L2RE,Burgers,2d-C,vPINN,0.638,,3
2306.08827v2,main_table,L2RE,Burgers,2d-C,LAAF,0.277,,3
2306.08827v2,main_table,L2RE,Burgers,2d-C,GAAF,0.295,,3
2306.08827v2,main_table,L2RE,Burgers,2d-C,FBPINN,,,3
2306.08827v2,main_table,L2RE,Poisson,2d-C,PINN,0.694,,3
2306.08827v2,main_table,L2RE,Poisson,2d-C,PINN-w,0.0349,,3
2306.08827v2,main_table,L2RE,Poisson,2d-C,LBFGS,,,3
2306.08827v2,main_table,L2RE,Poisson,2d-C,LRA,0.117,,3
2306.08827v2,main_table,L2RE,Poisson,2d-C,NTK,0.0123,,3
2306.08827v2,main_table,L2RE,Poisson,2d-C,RAR,0.699,,3
2306.08827v2,main_table,L2RE,Poisson,2d-C,MultiAdam,0.0263,,3
2306.08827v2,main_table,L2RE,Poisson,2d-C,gPINN,0.687,,3
2306.08827v2,main_table,L2RE,Poisson,2d-C,vPINN,0.491,,3
2306.08827v2,main_table,L2RE,Poisson,2d-C,LAAF,0.768,,3
2306.08827v2,main_table,L2RE,Poisson,2d-C,GAAF,0.604,,3
2306.08827v2,main_table,L2RE,Poisson,2d-C,FBPINN,0.0449,,3
2306.08827v2,main_table,L2RE,Poisson,2d-CG,PINN,0.636,,3
2306.08827v2,main_table,L2RE,Poisson,2d-CG,PINN-w,0.0608,,3
2306.08827v2,main_table,L2RE,Poisson,2d-CG,LBFGS,0.296,,3
2306.08827v2,main_table,L2RE,Poisson,2d-CG,LRA,0.0434,,3
2306.08827v2,main_table,L2RE,Poisson,2d-CG,NTK,0.0143,,3
2306.08827v2,main_table,L2RE,Poisson,2d-CG,RAR,0.648,,3
2306.08827v2,main_table,L2RE,Poisson,2d-CG,MultiAdam,0.276,,3
2306.08827v2,main_table,L2RE,Poisson,2d-CG,gPINN,0.792,,3
2306.08827v2,main_table,L2RE,Poisson,2d-CG,vPINN,0.286,,3
2306.08827v2,main_table,L2RE,Poisson,2d-CG,LAAF,0.48,,3
2306.08827v2,main_table,L2RE,Poisson,2d-CG,GAAF,0.871,,3
2306.08827v2,main_table,L2RE,Poisson,2d-CG,FBPINN,0.029,,3
2306.08827v2,main_table,L2RE,Poisson,3d-CG,PINN,0.56,,3
2306.08827v2,main_table,L2RE,Poisson,3d-CG,PINN-w,0.374,,3
2306.08827v2,main_table,L2RE,Poisson,3d-CG,LBFGS,0.705,,3
2306.08827v2,main_table,L2RE,Poisson,3d-CG,LRA,0.102,,3
2306.08827v2,main_table,L2RE,Poisson,3d-CG,NTK,0.947,,3
2306.08827v2,main_table,L2RE,Poisson,3d-CG,RAR,0.576,,3
2306.08827v2,main_table,L2RE,Poisson,3d-CG,MultiAdam,0.363,,3
2306.08827v2,main_table,L2RE,Poisson,3d-CG,gPINN,0.485,,3
2306.08827v2,main_table,L2RE,Poisson,3d-CG,vPINN,0.738,,3
2306.08827v2,main_table,L2RE,Poisson,3d-CG,LAAF,0.579,,3
2306.08827v2,main_table,L2RE,Poisson,3d-CG,GAAF,0.502,,3
2306.08827v2,main_table,L2RE,Poisson,3d-CG,FBPINN,0.739,,3
2306.08827v2,main_table,L2RE,Poisson,2d-MS,PINN,0.63,,3
2306.08827v2,main_table,L2RE,Poisson,2d-MS,PINN-w,0.76,,3
2306.08827v2,main_table,L2RE,Poisson,2d-MS,LBFGS,1.45,,3
2306.08827v2,main_table,L2RE,Poisson,2d-MS,LRA,0.794,,3
2306.08827v2,main_table,L2RE,Poisson,2d-MS,NTK,0.748,,3
2306.08827v2,main_table,L2RE,Poisson,2d-MS,RAR,0.644,,3
2306.08827v2,main_table,L2RE,Poisson,2d-MS,MultiAdam,0.59,,3
2306.08827v2,main_table,L2RE,Poisson,2d-MS,gPINN,0.616,,3
2306.08827v2,main_table,L2RE,Poisson,2d-MS,vPINN,0.972,,3
2306.08827v2,main_table,L2RE,Poisson,2d-MS,LAAF,0.593,,3
2306.08827v2,main_table,L2RE,Poisson,2d-MS,GAAF,0.931,,3
2306.08827v2,main_table,L2RE,Poisson,2d-MS,FBPINN,1.04,,3
2306.08827v2,main_table,L2RE,Heat,2d-VC,PINN,1.01,,3
2306.08827v2,main_table,L2RE,Heat,2d-VC,PINN-w,0.235,,3
2306.08827v2,main_table,L2RE,Heat,2d-VC,LBFGS,0.232,,3
2306.08827v2,main_table,L2RE,Heat,2d-VC,LRA,0.212,,3
2306.08827v2,main_table,L2RE,Heat,2d-VC,NTK,0.214,,3
2306.08827v2,main_table,L2RE,Heat,2d-VC,RAR,0.966,,3
2306.08827v2,main_table,L2RE,Heat,2d-VC,MultiAdam,0.475,,3
2306.08827v2,main_table,L2RE,Heat,2d-VC,gPINN,2.12,,3
2306.08827v2,main_table,L2RE,Heat,2d-VC,vPINN,0.94,,3
2306.08827v2,main_table,L2RE,Heat,2d-VC,LAAF,0.642,,3
2306.08827v2,main_table,L2RE,Heat,2d-VC,GAAF,0.849,,3
2306.08827v2,main_table,L2RE,Heat,2d-VC,FBPINN,0.952,,3
2306.08827v2,main_table,L2RE,Heat,2d-MS,PINN,0.0621,,3
2306.08827v2,main_table,L2RE,Heat,2d-MS,PINN-w,0.242,,3
2306.08827v2,main_table,L2RE,Heat,2d-MS,LBFGS,0.0173,,3
2306.08827v2,main_table,L2RE,Heat,2d-MS,LRA,0.0879,,3
2306.08827v2,main_table,L2RE,Heat,2d-MS,NTK,0.044,,3
2306.08827v2,main_table,L2RE,Heat,2d-MS,RAR,0.0749,,3
2306.08827v2,main_table,L2RE,Heat,2d-MS,MultiAdam,0.218,,3
2306.08827v2,main_table,L2RE,Heat,2d-MS,gPINN,0.113,,3
2306.08827v2,main_table,L2RE,Heat,2d-MS,vPINN,0.93,,3
2306.08827v2,main_table,L2RE,Heat,2d-MS,LAAF,0.074,,3
2306.08827v2,main_table,L2RE,Heat,2d-MS,GAAF,0.985,,3
2306.08827v2,main_table,L2RE,Heat,2d-MS,FBPINN,0.082,,3
2306.08827v2,main_table,L2RE,Heat,2d-CG,PINN,0.0364,,3
2306.08827v2,main_table,L2RE,Heat,2d-CG,PINN-w,0.145,,3
2306.08827v2,main_table,L2RE,Heat,2d-CG,LBFGS,0.857,,3
2306.08827v2,main_table,L2RE,Heat,2d-CG,LRA,0.125,,3
2306.08827v2,main_table,L2RE,Heat,2d-CG,NTK,0.116,,3
2306.08827v2,main_table,L2RE,Heat,2d-CG,RAR,0.0272,,3
2306.08827v2,main_table,L2RE,Heat,2d-CG,MultiAdam,0.0712,,3
2306.08827v2,main_table,L2RE,Heat,2d-CG,gPINN,0.0938,,3
2306.08827v2,main_table,L2RE,Heat,2d-CG,vPINN,,,3
2306.08827v2,main_table,L2RE,Heat,2d-CG,LAAF,0.0239,,3
2306.08827v2,main_table,L2RE,Heat,2d-CG,GAAF,0.461,,3
2306.08827v2,main_table,L2RE,Heat,2d-CG,FBPINN,0.0916,,3
2306.08827v2,main_table,L2RE,Heat,2d-LT,PINN,0.999,,3
2306.08827v2,main_table,L2RE,Heat,2d-LT,PINN-w,0.999,,3
2306.08827v2,main_table,L2RE,Heat,2d-LT,LBFGS,1.0,,3
2306.08827v2,main_table,L2RE,Heat,2d-LT,LRA,0.999,,3
2306.08827v2,main_table,L2RE,Heat,2d-LT,NTK,1.0,,3
2306.08827v2,main_table,L2RE,Heat,2d-LT,RAR,0.999,,3
2306.08827v2,main_table,L2RE,Heat,2d-LT,MultiAdam,1.0,,3
2306.08827v2,main_table,L2RE,Heat,2d-LT,gPINN,1.0,,3
2306.08827v2,main_table,L2RE,Heat,2d-LT,vPINN,1.0,,3
2306.08827v2,main_table,L2RE,Heat,2d-LT,LAAF,0.999,,3
2306.08827v2,main_table,L2RE,Heat,2d-LT,GAAF,0.999,,3
2306.08827v2,main_table,L2RE,Heat,2d-LT,FBPINN,1.01,,3
2306.08827v2,main_table,L2RE,NS,2d-C,PINN,0.047,,3
2306.08827v2,main_table,L2RE,NS,2d-C,PINN-w,0.145,,3
2306.08827v2,main_table,L2RE,NS,2d-C,LBFGS,0.214,,3
2306.08827v2,main_table,L2RE,NS,2d-C,LRA,,,3
2306.08827v2,main_table,L2RE,NS,2d-C,NTK,0.198,,3
2306.08827v2,main_table,L2RE,NS,2d-C,RAR,0.469,,3
2306.08827v2,main_table,L2RE,NS,2d-C,MultiAdam,0.727,,3
2306.08827v2,main_table,L2RE,NS,2d-C,gPINN,0.077,,3
2306.08827v2,main_table,L2RE,NS,2d-C,vPINN,0.292,,3
2306.08827v2,main_table,L2RE,NS,2d-C,LAAF,0.036,,3
2306.08827v2,main_table,L2RE,NS,2d-C,GAAF,0.0379,,3
2306.08827v2,main_table,L2RE,NS,2d-C,FBPINN,0.0845,,3
2306.08827v2,main_table,L2RE,NS,2d-CG,PINN,0.119,,3
2306.08827v2,main_table,L2RE,NS,2d-CG,PINN-w,0.326,,3
2306.08827v2,main_table,L2RE,NS,2d-CG,LBFGS,,,3
2306.08827v2,main_table,L2RE,NS,2d-CG,LRA,0.332,,3
2306.08827v2,main_table,L2RE,NS,2d-CG,NTK,0.293,,3
2306.08827v2,main_table,L2RE,NS,2d-CG,RAR,0.334,,3
2306.08827v2,main_table,L2RE,NS,2d-CG,MultiAdam,0.431,,3
2306.08827v2,main_table,L2RE,NS,2d-CG,gPINN,0.154,,3
2306.08827v2,main_table,L2RE,NS,2d-CG,vPINN,0.994,,3
2306.08827v2,main_table,L2RE,NS,2d-CG,LAAF,0.0824,,3
2306.08827v2,main_table,L2RE,NS,2d-CG,GAAF,0.174,,3
2306.08827v2,main_table,L2RE,NS,2d-CG,FBPINN,8.27,,3
2306.08827v2,main_table,L2RE,NS,2d-LT,PINN,0.996,,3
2306.08827v2,main_table,L2RE,NS,2d-LT,PINN-w,1.0,,3
2306.08827v2,main_table,L2RE,NS,2d-LT,LBFGS,0.97,,3
2306.08827v2,main_table,L2RE,NS,2d-LT,LRA,1.0,,3
2306.08827v2,main_table,L2RE,NS,2d-LT,NTK,0.999,,3
2306.08827v2,main_table,L2RE,NS,2d-LT,RAR,1.0,,3
2306.08827v2,main_table,L2RE,NS,2d-LT,MultiAdam,1.0,,3
2306.08827v2,main_table,L2RE,NS,2d-LT,gPINN,0.995,,3
2306.08827v2,main_table,L2RE,NS,2d-LT,vPINN,1.73,,3
2306.08827v2,main_table,L2RE,NS,2d-LT,LAAF,0.998,,3
2306.08827v2,main_table,L2RE,NS,2d-LT,GAAF,0.999,,3
2306.08827v2,main_table,L2RE,NS,2d-LT,FBPINN,1.0,,3
2306.08827v2,main_table,L2RE,Wave,1d-C,PINN,0.588,,3
2306.08827v2,main_table,L2RE,Wave,1d-C,PINN-w,0.285,,3
2306.08827v2,main_table,L2RE,Wave,1d-C,LBFGS,,,3
2306.08827v2,main_table,L2RE,Wave,1d-C,LRA,0.361,,3
2306.08827v2,main_table,L2RE,Wave,1d-C,NTK,0.0979,,3
2306.08827v2,main_table,L2RE,Wave,1d-C,RAR,0.539,,3
2306.08827v2,main_table,L2RE,Wave,1d-C,MultiAdam,0.121,,3
2306.08827v2,main_table,L2RE,Wave,1d-C,gPINN,0.556,,3
2306.08827v2,main_table,L2RE,Wave,1d-C,vPINN,0.839,,3
2306.08827v2,main_table,L2RE,Wave,1d-C,LAAF,0.454,,3
2306.08827v2,main_table,L2RE,Wave,1d-C,GAAF,0.677,,3
2306.08827v2,main_table,L2RE,Wave,1d-C,FBPINN,0.591,,3
2306.08827v2,main_table,L2RE,Wave,2d-CG,PINN,1.84,,3
2306.08827v2,main_table,L2RE,Wave,2d-CG,PINN-w,1.66,,3
2306.08827v2,main_table,L2RE,Wave,2d-CG,LBFGS,1.33,,3
2306.08827v2,main_table,L2RE,Wave,2d-CG,LRA,1.48,,3
2306.08827v2,main_table,L2RE,Wave,2d-CG,NTK,2.16,,3
2306.08827v2,main_table,L2RE,Wave,2d-CG,RAR,1.15,,3
2306.08827v2,main_table,L2RE,Wave,2d-CG,MultiAdam,1.09,,3
2306.08827v2,main_table,L2RE,Wave,2d-CG,gPINN,0.814,,3
2306.08827v2,main_table,L2RE,Wave,2d-CG,vPINN,0.799,,3
2306.08827v2,main_table,L2RE,Wave,2d-CG,LAAF,0.819,,3
2306.08827v2,main_table,L2RE,Wave,2d-CG,GAAF,0.794,,3
2306.08827v2,main_table,L2RE,Wave,2d-CG,FBPINN,1.06,,3
2306.08827v2,main_table,L2RE,Wave,2d-MS,PINN,1.34,,3
2306.08827v2,main_table,L2RE,Wave,2d-MS,PINN-w,1.02,,3
2306.08827v2,main_table,L2RE,Wave,2d-MS,LBFGS,1.37,,3
2306.08827v2,main_table,L2RE,Wave,2d-MS,LRA,1.02,,3
2306.08827v2,main_table,L2RE,Wave,2d-MS,NTK,1.04,,3
2306.08827v2,main_table,L2RE,Wave,2d-MS,RAR,1.35,,3
2306.08827v2,main_table,L2RE,Wave,2d-MS,MultiAdam,1.01,,3
2306.08827v2,main_table,L2RE,Wave,2d-MS,gPINN,1.02,,3
2306.08827v2,main_table,L2RE,Wave,2d-MS,vPINN,0.982,,3
2306.08827v2,main_table,L2RE,Wave,2d-MS,LAAF,1.06,,3
2306.08827v2,main_table,L2RE,Wave,2d-MS,GAAF,1.06,,3
2306.08827v2,main_table,L2RE,Wave,2d-MS,FBPINN,1.03,,3
2306.08827v2,main_table,L2RE,Chaotic,GS,PINN,0.319,,3
2306.08827v2,main_table,L2RE,Chaotic,GS,PINN-w,0.158,,3
2306.08827v2,main_table,L2RE,Chaotic,GS,LBFGS,,,3
2306.08827v2,main_table,L2RE,Chaotic,GS,LRA,0.0937,,3
2306.08827v2,main_table,L2RE,Chaotic,GS,NTK,0.216,,3
2306.08827v2,main_table,L2RE,Chaotic,GS,RAR,0.0946,,3
2306.08827v2,main_table,L2RE,Chaotic,GS,MultiAdam,0.0937,,3
2306.08827v2,main_table,L2RE,Chaotic,GS,gPINN,0.248,,3
2306.08827v2,main_table,L2RE,Chaotic,GS,vPINN,1.16,,3
2306.08827v2,main_table,L2RE,Chaotic,GS,LAAF,0.0947,,3
2306.08827v2,main_table,L2RE,Chaotic,GS,GAAF,0.0946,,3
2306.08827v2,main_table,L2RE,Chaotic,GS,FBPINN,0.0799,,3
2306.08827v2,main_table,L2RE,Chaotic,KS,PINN,1.01,,3
2306.08827v2,main_table,L2RE,Chaotic,KS,PINN-w,0.986,,3
2306.08827v2,main_table,L2RE,Chaotic,KS,LBFGS,,,3
2306.08827v2,main_table,L2RE,Chaotic,KS,LRA,0.957,,3
2306.08827v2,main_table,L2RE,Chaotic,KS,NTK,0.964,,3
2306.08827v2,main_table,L2RE,Chaotic,KS,RAR,1.01,,3
2306.08827v2,main_table,L2RE,Chaotic,KS,MultiAdam,0.961,,3
2306.08827v2,main_table,L2RE,Chaotic,KS,gPINN,0.994,,3
2306.08827v2,main_table,L2RE,Chaotic,KS,vPINN,0.972,,3
2306.08827v2,main_table,L2RE,Chaotic,KS,LAAF,1.01,,3
2306.08827v2,main_table,L2RE,Chaotic,KS,GAAF,1.0,,3
2306.08827v2,main_table,L2RE,Chaotic,KS,FBPINN,1.02,,3
2306.08827v2,main_table,L2RE,High dim,PNd,PINN,0.00304,,3
2306.08827v2,main_table,L2RE,High dim,PNd,PINN-w,0.00258,,3
2306.08827v2,main_table,L2RE,High dim,PNd,LBFGS,0.000467,,3
2306.08827v2,main_table,L2RE,High dim,PNd,LRA,0.000458,,3
2306.08827v2,main_table,L2RE,High dim,PNd,NTK,0.00464,,3
2306.08827v2,main_table,L2RE,High dim,PNd,RAR,0.00359,,3
2306.08827v2,main_table,L2RE,High dim,PNd,MultiAdam,0.00398,,3
2306.08827v2,main_table,L2RE,High dim,PNd,gPINN,0.00505,,3
2306.08827v2,main_table,L2RE,High dim,PNd,vPINN,,,3
2306.08827v2,main_table,L2RE,High dim,PNd,LAAF,0.00414,,3
2306.08827v2,main_table,L2RE,High dim,PNd,GAAF,0.00775,,3
2306.08827v2,main_table,L2RE,High dim,PNd,FBPINN,,,3
2306.08827v2,main_table,L2RE,High dim,HNd,PINN,0.361,,3
2306.08827v2,main_table,L2RE,High dim,HNd,PINN-w,0.459,,3
2306.08827v2,main_table,L2RE,High dim,HNd,LBFGS,0.000119,,3
2306.08827v2,main_table,L2RE,High dim,HNd,LRA,0.394,,3
2306.08827v2,main_table,L2RE,High dim,HNd,NTK,0.397,,3
2306.08827v2,main_table,L2RE,High dim,HNd,RAR,0.357,,3
2306.08827v2,main_table,L2RE,High dim,HNd,MultiAdam,0.302,,3
2306.08827v2,main_table,L2RE,High dim,HNd,gPINN,0.317,,3
2306.08827v2,main_table,L2RE,High dim,HNd,vPINN,,,3
2306.08827v2,main_table,L2RE,High dim,HNd,LAAF,0.522,,3
2306.08827v2,main_table,L2RE,High dim,HNd,GAAF,0.521,,3
2306.08827v2,main_table,L2RE,High dim,HNd,FBPINN,,,3
2306.08827v2,main_table,L2RE,Inverse,PInv,PINN,0.0942,,3
2306.08827v2,main_table,L2RE,Inverse,PInv,PINN-w,0.166,,3
2306.08827v2,main_table,L2RE,Inverse,PInv,LBFGS,,,3
2306.08827v2,main_table,L2RE,Inverse,PInv,LRA,0.154,,3
2306.08827v2,main_table,L2RE,Inverse,PInv,NTK,0.193,,3
2306.08827v2,main_table,L2RE,Inverse,PInv,RAR,0.0935,,3
2306.08827v2,main_table,L2RE,Inverse,PInv,MultiAdam,0.13,,3
2306.08827v2,main_table,L2RE,Inverse,PInv,gPINN,0.0803,,3
2306.08827v2,main_table,L2RE,Inverse,PInv,vPINN,0.0196,,3
2306.08827v2,main_table,L2RE,Inverse,PInv,LAAF,0.13,,3
2306.08827v2,main_table,L2RE,Inverse,PInv,GAAF,0.254,,3
2306.08827v2,main_table,L2RE,Inverse,PInv,FBPINN,0.844,,3
2306.08827v2,main_table,L2RE,Inverse,HInv,PINN,1.57,,3
2306.08827v2,main_table,L2RE,Inverse,HInv,PINN-w,0.0526,,3
2306.08827v2,main_table,L2RE,Inverse,HInv,LBFGS,,,3
2306.08827v2,main_table,L2RE,Inverse,HInv,LRA,0.0509,,3
2306.08827v2,main_table,L2RE,Inverse,HInv,NTK,0.0752,,3
2306.08827v2,main_table,L2RE,Inverse,HInv,RAR,1.52,,3
2306.08827v2,main_table,L2RE,Inverse,HInv,MultiAdam,0.0804,,3
2306.08827v2,main_table,L2RE,Inverse,HInv,gPINN,4.84,,3
2306.08827v2,main_table,L2RE,Inverse,HInv,vPINN,0.0119,,3
2306.08827v2,main_table,L2RE,Inverse,HInv,LAAF,0.559,,3
2306.08827v2,main_table,L2RE,Inverse,HInv,GAAF,0.212,,3
2306.08827v2,main_table,L2RE,Inverse,HInv,FBPINN,0.927,,3
2306.08827v2,appendix_table,L2RE,Burgers,1d-C,PINN,0.0145,0.00159,3
2306.08827v2,appendix_table,L2RE,Burgers,1d-C,PINN-w,0.0263,0.00468,3
2306.08827v2,appendix_table,L2RE,Burgers,1d-C,LRA,0.0261,0.0118,3
2306.08827v2,appendix_table,L2RE,Burgers,1d-C,NTK,0.0184,0.00366,3
2306.08827v2,appendix_table,L2RE,Burgers,1d-C,RAR,0.0332,0.0214,3
2306.08827v2,appendix_table,L2RE,Burgers,1d-C,MultiAdam,0.0485,0.0161,3
2306.08827v2,appendix_table,L2RE,Burgers,1d-C,gPINN,0.216,0.0334,3
2306.08827v2,appendix_table,L2RE,Burgers,1d-C,vPINN,0.347,0.0349,3
2306.08827v2,appendix_table,L2RE,Burgers,1d-C,LAAF,0.0143,0.00144,3
2306.08827v2,appendix_table,L2RE,Burgers,1d-C,GAAF,0.052,0.0208,3
2306.08827v2,appendix_table,L2RE,Burgers,1d-C,FBPINN,0.232,0.0914,3
2306.08827v2,appendix_table,L2RE,Burgers,2d-C,PINN,0.324,0.000754,3
2306.08827v2,appendix_table,L2RE,Burgers,2d-C,PINN-w,0.27,0.00393,3
2306.08827v2,appendix_table,L2RE,Burgers,2d-C,LRA,0.26,0.00578,3
2306.08827v2,appendix_table,L2RE,Burgers,2d-C,NTK,0.275,0.00478,3
2306.08827v2,appendix_table,L2RE,Burgers,2d-C,RAR,0.345,4.56e-05,3
2306.08827v2,appendix_table,L2RE,Burgers,2d-C,MultiAdam,0.333,0.00865,3
2306.08827v2,appendix_table,L2RE,Burgers,2d-C,gPINN,0.327,0.000125,3
2306.08827v2,appendix_table,L2RE,Burgers,2d-C,vPINN,0.638,0.0147,3
2306.08827v2,appendix_table,L2RE,Burgers,2d-C,LAAF,0.277,0.0139,3
2306.08827v2,appendix_table,L2RE,Burgers,2d-C,GAAF,0.295,0.0117,3
2306.08827v2,appendix_table,L2RE,Burgers,2d-C,FBPINN,,,3
2306.08827v2,appendix_table,L2RE,Poisson,2d-C,PINN,0.694,0.00878,3
2306.08827v2,appendix_table,L2RE,Poisson,2d-C,PINN-w,0.0349,0.00691,3
2306.08827v2,appendix_table,L2RE,Poisson,2d-C,LRA,0.117,0.126,3
2306.08827v2,appendix_table,L2RE,Poisson,2d-C,NTK,0.0123,0.00737,3
2306.08827v2,appendix_table,L2RE,Poisson,2d-C,RAR,0.699,0.00746,3
2306.08827v2,appendix_table,L2RE,Poisson,2d-C,MultiAdam,0.0263,0.00657,3
2306.08827v2,appendix_table,L2RE,Poisson,2d-C,gPINN,0.687,0.0187,3
2306.08827v2,appendix_table,L2RE,Poisson,2d-C,vPINN,0.491,0.0155,3
2306.08827v2,appendix_table,L2RE,Poisson,2d-C,LAAF,0.768,0.047,3
2306.08827v2,appendix_table,L2RE,Poisson,2d-C,GAAF,0.604,0.0752,3
2306.08827v2,appendix_table,L2RE,Poisson,2d-C,FBPINN,0.0449,0.00791,3
2306.08827v2,appendix_table,L2RE,Poisson,2d-CG,PINN,0.636,0.00257,3
2306.08827v2,appendix_table,L2RE,Poisson,2d-CG,PINN-w,0.0608,0.00488,3
2306.08827v2,appendix_table,L2RE,Poisson,2d-CG,LRA,0.0434,0.00795,3
2306.08827v2,appendix_table,L2RE,Poisson,2d-CG,NTK,0.0143,0.00431,3
2306.08827v2,appendix_table,L2RE,Poisson,2d-CG,RAR,0.648,0.00787,3
2306.08827v2,appendix_table,L2RE,Poisson,2d-CG,MultiAdam,0.276,0.103,3
2306.08827v2,appendix_table,L2RE,Poisson,2d-CG,gPINN,0.792,0.00456,3
2306.08827v2,appendix_table,L2RE,Poisson,2d-CG,vPINN,0.286,0.002,3
2306.08827v2,appendix_table,L2RE,Poisson,2d-CG,LAAF,0.48,0.0143,3
2306.08827v2,appendix_table,L2RE,Poisson,2d-CG,GAAF,0.871,0.267,3
2306.08827v2,appendix_table,L2RE,Poisson,2d-CG,FBPINN,0.029,0.00392,3
2306.08827v2,appendix_table,L2RE,Poisson,3d-CG,PINN,0.56,0.0284,3
2306.08827v2,appendix_table,L2RE,Poisson,3d-CG,PINN-w,0.374,0.0323,3
2306.08827v2,appendix_table,L2RE,Poisson,3d-CG,LRA,0.102,0.0316,3
2306.08827v2,appendix_table,L2RE,Poisson,3d-CG,NTK,0.947,0.000494,3
2306.08827v2,appendix_table,L2RE,Poisson,3d-CG,RAR,0.576,0.054,3
2306.08827v2,appendix_table,L2RE,Poisson,3d-CG,MultiAdam,0.363,0.0781,3
2306.08827v2,appendix_table,L2RE,Poisson,3d-CG,gPINN,0.485,0.057,3
2306.08827v2,appendix_table,L2RE,Poisson,3d-CG,vPINN,0.738,0.000647,3
2306.08827v2,appendix_table,L2RE,Poisson,3d-CG,LAAF,0.579,0.0265,3
2306.08827v2,appendix_table,L2RE,Poisson,3d-CG,GAAF,0.502,0.0747,3
2306.08827v2,appendix_table,L2RE,Poisson,3d-CG,FBPINN,0.739,0.0724,3
2306.08827v2,appendix_table,L2RE,Poisson,2d-MS,PINN,0.63,0.0107,3
2306.08827v2,appendix_table,L2RE,Poisson,2d-MS,PINN-w,0.76,0.00696,3
2306.08827v2,appendix_table,L2RE,Poisson,2d-MS,LRA,0.794,0.0651,3
2306.08827v2,appendix_table,L2RE,Poisson,2d-MS,NTK,0.748,0.00994,3
2306.08827v2,appendix_table,L2RE,Poisson,2d-MS,RAR,0.644,0.0213,3
2306.08827v2,appendix_table,L2RE,Poisson,2d-MS,MultiAdam,0.59,0.0406,3
2306.08827v2,appendix_table,L2RE,Poisson,2d-MS,gPINN,0.616,0.0174,3
2306.08827v2,appendix_table,L2RE,Poisson,2d-MS,vPINN,0.972,0.0223,3
2306.08827v2,appendix_table,L2RE,Poisson,2d-MS,LAAF,0.593,0.118,3
2306.08827v2,appendix_table,L2RE,Poisson,2d-MS,GAAF,0.931,0.0712,3
2306.08827v2,appendix_table,L2RE,Poisson,2d-MS,FBPINN,1.04,6.13e-05,3
2306.08827v2,appendix_table,L2RE,Heat,2d-VC,PINN,1.01,0.0634,3
2306.08827v2,appendix_table,L2RE,Heat,2d-VC,PINN-w,0.235,0.017,3
2306.08827v2,appendix_table,L2RE,Heat,2d-VC,LRA,0.212,0.000861,3
2306.08827v2,appendix_table,L2RE,Heat,2d-VC,NTK,0.214,0.00582,3
2306.08827v2,appendix_table,L2RE,Heat,2d-VC,RAR,0.966,0.0186,3
2306.08827v2,appendix_table,L2RE,Heat,2d-VC,MultiAdam,0.475,0.0844,3
2306.08827v2,appendix_table,L2RE,Heat,2d-VC,gPINN,2.12,0.551,3
2306.08827v2,appendix_table,L2RE,Heat,2d-VC,vPINN,0.94,0.173,3
2306.08827v2,appendix_table,L2RE,Heat,2d-VC,LAAF,0.642,0.0632,3
2306.08827v2,appendix_table,L2RE,Heat,2d-VC,GAAF,0.849,0.106,3
2306.08827v2,appendix_table,L2RE,Heat,2d-VC,FBPINN,0.952,0.00229,3
2306.08827v2,appendix_table,L2RE,Heat,2d-MS,PINN,0.0621,0.0138,3
2306.08827v2,appendix_table,L2RE,Heat,2d-MS,PINN-w,0.242,0.0267,3
2306.08827v2,appendix_table,L2RE,Heat,2d-MS,LRA,0.0879,0.0256,3
2306.08827v2,appendix_table,L2RE,Heat,2d-MS,NTK,0.044,0.00481,3
2306.08827v2,appendix_table,L2RE,Heat,2d-MS,RAR,0.0749,0.0105,3
2306.08827v2,appendix_table,L2RE,Heat,2d-MS,MultiAdam,0.218,0.0926,3
2306.08827v2,appendix_table,L2RE,Heat,2d-MS,gPINN,0.113,0.00308,3
2306.08827v2,appendix_table,L2RE,Heat,2d-MS,vPINN,0.93,0.0206,3
2306.08827v2,appendix_table,L2RE,Heat,2d-MS,LAAF,0.074,0.0192,3
2306.08827v2,appendix_table,L2RE,Heat,2d-MS,GAAF,0.985,0.104,3
2306.08827v2,appendix_table,L2RE,Heat,2d-MS,FBPINN,0.082,0.00487,3
2306.08827v2,appendix_table,L2RE,Heat,2d-CG,PINN,0.0364,0.00882,3
2306.08827v2,appendix_table,L2RE,Heat,2d-CG,PINN-w,0.145,0.00477,3
2306.08827v2,appendix_table,L2RE,Heat,2d-CG,LRA,0.125,0.0043,3
2306.08827v2,appendix_table,L2RE,Heat,2d-CG,NTK,0.116,0.0121,3
2306.08827v2,appendix_table,L2RE,Heat,2d-CG,RAR,0.0272,0.00322,3
2306.08827v2,appendix_table,L2RE,Heat,2d-CG,MultiAdam,0.0712,0.013,3
2306.08827v2,appendix_table,L2RE,Heat,2d-CG,gPINN,0.0938,0.0145,3
2306.08827v2,appendix_table,L2RE,Heat,2d-CG,vPINN,1.67,0.00362,3
2306.08827v2,appendix_table,L2RE,Heat,2d-CG,LAAF,0.0239,0.00139,3
2306.08827v2,appendix_table,L2RE,Heat,2d-CG,GAAF,0.461,0.263,3
2306.08827v2,appendix_table,L2RE,Heat,2d-CG,FBPINN,0.0916,0.0329,3
2306.08827v2,appendix_table,L2RE,Heat,2d-LT,PINN,0.999,1.05e-05,3
2306.08827v2,appendix_table,L2RE,Heat,2d-LT,PINN-w,0.999,8.01e-05,3
2306.08827v2,appendix_table,L2RE,Heat,2d-LT,LRA,0.999,7.37e-05,3
2306.08827v2,appendix_table,L2RE,Heat,2d-LT,NTK,1.0,0.000282,3
2306.08827v2,appendix_table,L2RE,Heat,2d-LT,RAR,0.999,0.000156,3
2306.08827v2,appendix_table,L2RE,Heat,2d-LT,MultiAdam,1.0,3.85e-05,3
2306.08827v2,appendix_table,L2RE,Heat,2d-LT,gPINN,1.0,9.82e-05,3
2306.08827v2,appendix_table,L2RE,Heat,2d-LT,vPINN,1.0,0.0,3
2306.08827v2,appendix_table,L2RE,Heat,2d-LT,LAAF,0.999,0.000449,3
2306.08827v2,appendix_table,L2RE,Heat,2d-LT,GAAF,0.999,0.00022,3
2306.08827v2,appendix_table,L2RE,Heat,2d-LT,FBPINN,1.01,0.000123,3
2306.08827v2,appendix_table,L2RE,NS,2d-C,PINN,0.047,0.00112,3
2306.08827v2,appendix_table,L2RE,NS,2d-C,PINN-w,0.145,0.0121,3
2306.08827v2,appendix_table,L2RE,NS,2d-C,LRA,,,3
2306.08827v2,appendix_table,L2RE,NS,2d-C,NTK,0.198,0.026,3
2306.08827v2,appendix_table,L2RE,NS,2d-C,RAR,0.469,0.0116,3
2306.08827v2,appendix_table,L2RE,NS,2d-C,MultiAdam,0.727,0.195,3
2306.08827v2,appendix_table,L2RE,NS,2d-C,gPINN,0.077,0.00299,3
2306.08827v2,appendix_table,L2RE,NS,2d-C,vPINN,0.292,0.0824,3
2306.08827v2,appendix_table,L2RE,NS,2d-C,LAAF,0.036,0.00387,3
2306.08827v2,appendix_table,L2RE,NS,2d-C,GAAF,0.0379,0.00432,3
2306.08827v2,appendix_table,L2RE,NS,2d-C,FBPINN,0.0845,0.0226,3
2306.08827v2,appendix_table,L2RE,NS,2d-CG,PINN,0.119,0.00546,3
2306.08827v2,appendix_table,L2RE,NS,2d-CG,PINN-w,0.326,0.00769,3
2306.08827v2,appendix_table,L2RE,NS,2d-CG,LRA,0.332,0.0076,3
2306.08827v2,appendix_table,L2RE,NS,2d-CG,NTK,0.293,0.0202,3
2306.08827v2,appendix_table,L2RE,NS,2d-CG,RAR,0.334,0.000652,3
2306.08827v2,appendix_table,L2RE,NS,2d-CG,MultiAdam,0.431,0.0695,3
2306.08827v2,appendix_table,L2RE,NS,2d-CG,gPINN,0.154,0.00589,3
2306.08827v2,appendix_table,L2RE,NS,2d-CG,vPINN,0.994,0.0038,3
2306.08827v2,appendix_table,L2RE,NS,2d-CG,LAAF,0.0824,0.00821,3
2306.08827v2,appendix_table,L2RE,NS,2d-CG,GAAF,0.174,0.07,3
2306.08827v2,appendix_table,L2RE,NS,2d-CG,FBPINN,8.27,3.68e-05,3
2306.08827v2,appendix_table,L2RE,NS,2d-LT,PINN,0.996,0.00119,3
2306.08827v2,appendix_table,L2RE,NS,2d-LT,PINN-w,1.0,0.000334,3
2306.08827v2,appendix_table,L2RE,NS,2d-LT,LRA,1.0,0.000405,3
2306.08827v2,appendix_table,L2RE,NS,2d-LT,NTK,0.999,0.000604,3
2306.08827v2,appendix_table,L2RE,NS,2d-LT,RAR,1.0,0.000335,3
2306.08827v2,appendix_table,L2RE,NS,2d-LT,MultiAdam,1.0,0.000219,3
2306.08827v2,appendix_table,L2RE,NS,2d-LT,gPINN,0.995,0.000719,3
2306.08827v2,appendix_table,L2RE,NS,2d-LT,vPINN,1.73,1e-05,3
2306.08827v2,appendix_table,L2RE,NS,2d-LT,LAAF,0.998,0.00342,3
2306.08827v2,appendix_table,L2RE,NS,2d-LT,GAAF,0.999,0.0011,3
2306.08827v2,appendix_table,L2RE,NS,2d-LT,FBPINN,1.0,0.00207,3
2306.08827v2,appendix_table,L2RE,Wave,1d-C,PINN,0.588,0.0963,3
2306.08827v2,appendix_table,L2RE,Wave,1d-C,PINN-w,0.285,0.00897,3
2306.08827v2,appendix_table,L2RE,Wave,1d-C,LRA,0.361,0.0195,3
2306.08827v2,appendix_table,L2RE,Wave,1d-C,NTK,0.0979,0.00772,3
2306.08827v2,appendix_table,L2RE,Wave,1d-C,RAR,0.539,0.0177,3
2306.08827v2,appendix_table,L2RE,Wave,1d-C,MultiAdam,0.121,0.0176,3
2306.08827v2,appendix_table,L2RE,Wave,1d-C,gPINN,0.556,0.0167,3
2306.08827v2,appendix_table,L2RE,Wave,1d-C,vPINN,0.839,0.0594,3
2306.08827v2,appendix_table,L2RE,Wave,1d-C,LAAF,0.454,0.0108,3
2306.08827v2,appendix_table,L2RE,Wave,1d-C,GAAF,0.677,0.105,3
2306.08827v2,appendix_table,L2RE,Wave,1d-C,FBPINN,0.591,0.0474,3
2306.08827v2,appendix_table,L2RE,Wave,2d-CG,PINN,1.84,0.34,3
2306.08827v2,appendix_table,L2RE,Wave,2d-CG,PINN-w,1.66,0.0739,3
2306.08827v2,appendix_table,L2RE,Wave,2d-CG,LRA,1.48,0.103,3
2306.08827v2,appendix_table,L2RE,Wave,2d-CG,NTK,2.16,0.101,3
2306.08827v2,appendix_table,L2RE,Wave,2d-CG,RAR,1.15,0.106,3
2306.08827v2,appendix_table,L2RE,Wave,2d-CG,MultiAdam,1.09,0.124,3
2306.08827v2,appendix_table,L2RE,Wave,2d-CG,gPINN,0.814,0.0118,3
2306.08827v2,appendix_table,L2RE,Wave,2d-CG,vPINN,0.799,0.0431,3
2306.08827v2,appendix_table,L2RE,Wave,2d-CG,LAAF,0.819,0.0267,3
2306.08827v2,appendix_table,L2RE,Wave,2d-CG,GAAF,0.794,0.00933,3
2306.08827v2,appendix_table,L2RE,Wave,2d-CG,FBPINN,1.06,0.0754,3
2306.08827v2,appendix_table,L2RE,Wave,2d-MS,PINN,1.34,0.234,3
2306.08827v2,appendix_table,L2RE,Wave,2d-MS,PINN-w,1.02,0.0116,3
2306.08827v2,appendix_table,L2RE,Wave,2d-MS,LRA,1.02,0.0136,3
2306.08827v2,appendix_table,L2RE,Wave,2d-MS,NTK,1.04,0.0311,3
2306.08827v2,appendix_table,L2RE,Wave,2d-MS,RAR,1.35,0.243,3
2306.08827v2,appendix_table,L2RE,Wave,2d-MS,MultiAdam,1.01,0.00564,3
2306.08827v2,appendix_table,L2RE,Wave,2d-MS,gPINN,1.02,0.004,3
2306.08827v2,appendix_table,L2RE,Wave,2d-MS,vPINN,0.982,0.00123,3
2306.08827v2,appendix_table,L2RE,Wave,2d-MS,LAAF,1.06,0.0171,3
2306.08827v2,appendix_table,L2RE,Wave,2d-MS,GAAF,1.06,0.0535,3
2306.08827v2,appendix_table,L2RE,Wave,2d-MS,FBPINN,1.03,0.00668,3
2306.08827v2,appendix_table,L2RE,Chaotic,GS,PINN,0.319,0.318,3
2306.08827v2,appendix_table,L2RE,Chaotic,GS,PINN-w,0.158,0.091,3
2306.08827v2,appendix_table,L2RE,Chaotic,GS,LRA,0.0937,4.42e-05,3
2306.08827v2,appendix_table,L2RE,Chaotic,GS,NTK,0.216,0.0773,3
2306.08827v2,appendix_table,L2RE,Chaotic,GS,RAR,0.0946,0.000946,3
2306.08827v2,appendix_table,L2RE,Chaotic,GS,MultiAdam,0.0937,1.21e-05,3
2306.08827v2,appendix_table,L2RE,Chaotic,GS,gPINN,0.248,0.11,3
2306.08827v2,appendix_table,L2RE,Chaotic,GS,vPINN,1.16,0.143,3
2306.08827v2,appendix_table,L2RE,Chaotic,GS,LAAF,0.0947,7.07e-05,3
2306.08827v2,appendix_table,L2RE,Chaotic,GS,GAAF,0.0946,0.000115,3
2306.08827v2,appendix_table,L2RE,Chaotic,GS,FBPINN,0.0799,0.0169,3
2306.08827v2,appendix_table,L2RE,Chaotic,KS,PINN,1.01,0.00128,3
2306.08827v2,appendix_table,L2RE,Chaotic,KS,PINN-w,0.986,0.0224,3
2306.08827v2,appendix_table,L2RE,Chaotic,KS,LRA,0.957,0.00285,3
2306.08827v2,appendix_table,L2RE,Chaotic,KS,NTK,0.964,0.00494,3
2306.08827v2,appendix_table,L2RE,Chaotic,KS,RAR,1.01,0.000863,3
2306.08827v2,appendix_table,L2RE,Chaotic,KS,MultiAdam,0.961,0.00477,3
2306.08827v2,appendix_table,L2RE,Chaotic,KS,gPINN,0.994,0.00383,3
2306.08827v2,appendix_table,L2RE,Chaotic,KS,vPINN,0.972,0.00058,3
2306.08827v2,appendix_table,L2RE,Chaotic,KS,LAAF,1.01,0.00212,3
2306.08827v2,appendix_table,L2RE,Chaotic,KS,GAAF,1.0,0.0124,3
2306.08827v2,appendix_table,L2RE,Chaotic,KS,FBPINN,1.02,0.0231,3
2306.08827v2,appendix_table,L2RE,High dim,PNd,PINN,0.00304,0.000562,3
2306.08827v2,appendix_table,L2RE,High dim,PNd,PINN-w,0.00258,0.00131,3
2306.08827v2,appendix_table,L2RE,High dim,PNd,LRA,0.000458,1.89e-05,3
2306.08827v2,appendix_table,L2RE,High dim,PNd,NTK,0.00464,0.00436,3
2306.08827v2,appendix_table,L2RE,High dim,PNd,RAR,0.00359,0.00125,3
2306.08827v2,appendix_table,L2RE,High dim,PNd,MultiAdam,0.00398,0.00111,3
2306.08827v2,appendix_table,L2RE,High dim,PNd,gPINN,0.00505,0.000607,3
2306.08827v2,appendix_table,L2RE,High dim,PNd,vPINN,,,3
2306.08827v2,appendix_table,L2RE,High dim,PNd,LAAF,0.00414,0.000559,3
2306.08827v2,appendix_table,L2RE,High dim,PNd,GAAF,0.00775,0.00141,3
2306.08827v2,appendix_table,L2RE,High dim,PNd,FBPINN,,,3
2306.08827v2,appendix_table,L2RE,High dim,HNd,PINN,0.361,0.0044,3
2306.08827v2,appendix_table,L2RE,High dim,HNd,PINN-w,0.459,0.00434,3
2306.08827v2,appendix_table,L2RE,High dim,HNd,LRA,0.394,0.0128,3
2306.08827v2,appendix_table,L2RE,High dim,HNd,NTK,0.397,0.0126,3
2306.08827v2,appendix_table,L2RE,High dim,HNd,RAR,0.357,0.00369,3
2306.08827v2,appendix_table,L2RE,High dim,HNd,MultiAdam,0.302,0.0407,3
2306.08827v2,appendix_table,L2RE,High dim,HNd,gPINN,0.317,0.00666,3
2306.08827v2,appendix_table,L2RE,High dim,HNd,vPINN,,,3
2306.08827v2,appendix_table,L2RE,High dim,HNd,LAAF,0.522,0.00312,3
2306.08827v2,appendix_table,L2RE,High dim,HNd,GAAF,0.521,0.000779,3
2306.08827v2,appendix_table,L2RE,High dim,HNd,FBPINN,,,3
2306.08827v2,appendix_table,L2RE,Inverse,PInv,PINN,0.0942,0.00158,3
2306.08827v2,appendix_table,L2RE,Inverse,PInv,PINN-w,0.166,0.00545,3
2306.08827v2,appendix_table,L2RE,Inverse,PInv,LRA,0.154,0.00332,3
2306.08827v2,appendix_table,L2RE,Inverse,PInv,NTK,0.193,0.0139,3
2306.08827v2,appendix_table,L2RE,Inverse,PInv,RAR,0.0935,0.0112,3
2306.08827v2,appendix_table,L2RE,Inverse,PInv,MultiAdam,0.13,0.0155,3
2306.08827v2,appendix_table,L2RE,Inverse,PInv,gPINN,0.0803,0.00279,3
2306.08827v2,appendix_table,L2RE,Inverse,PInv,vPINN,0.0245,0.0103,3
2306.08827v2,appendix_table,L2RE,Inverse,PInv,LAAF,0.13,0.0107,3
2306.08827v2,appendix_table,L2RE,Inverse,PInv,GAAF,0.254,0.153,3
2306.08827v2,appendix_table,L2RE,Inverse,PInv,FBPINN,0.844,0.137,3
2306.08827v2,appendix_table,L2RE,Inverse,HInv,PINN,1.57,0.0721,3
2306.08827v2,appendix_table,L2RE,Inverse,HInv,PINN-w,0.0526,0.00331,3
2306.08827v2,appendix_table,L2RE,Inverse,HInv,LRA,0.0509,0.00434,3
2306.08827v2,appendix_table,L2RE,Inverse,HInv,NTK,0.0752,0.00542,3
2306.08827v2,appendix_table,L2RE,Inverse,HInv,RAR,1.52,0.0646,3
2306.08827v2,appendix_table,L2RE,Inverse,HInv,MultiAdam,0.0804,0.012,3
2306.08827v2,appendix_table,L2RE,Inverse,HInv,gPINN,4.84,2.07,3
2306.08827v2,appendix_table,L2RE,Inverse,HInv,vPINN,0.456,0.013,3
2306.08827v2,appendix_table,L2RE,Inverse,HInv,LAAF,0.559,0.524,3
2306.08827v2,appendix_table,L2RE,Inverse,HInv,GAAF,0.212,0.0489,3
2306.08827v2,appendix_table,L2RE,Inverse,HInv,FBPINN,0.927,0.12,3
2306.08827v2,appendix_table,L1RE,Burgers,1d-C,PINN,0.00955,0.000642,3
2306.08827v2,appendix_table,L1RE,Burgers,1d-C,PINN-w,0.0188,0.00405,3
2306.08827v2,appendix_table,L1RE,Burgers,1d-C,LRA,0.0135,0.00257,3
2306.08827v2,appendix_table,L1RE,Burgers,1d-C,NTK,0.013,0.00173,3
2306.08827v2,appendix_table,L1RE,Burgers,1d-C,RAR,0.0135,0.00466,3
2306.08827v2,appendix_table,L1RE,Burgers,1d-C,MultiAdam,0.0264,0.00569,3
2306.08827v2,appendix_table,L1RE,Burgers,1d-C,gPINN,0.142,0.0198,3
2306.08827v2,appendix_table,L1RE,Burgers,1d-C,vPINN,0.0402,0.00641,3
2306.08827v2,appendix_table,L1RE,Burgers,1d-C,LAAF,0.014,0.00368,3
2306.08827v2,appendix_table,L1RE,Burgers,1d-C,GAAF,0.0195,0.0083,3
2306.08827v2,appendix_table,L1RE,Burgers,1d-C,FBPINN,0.0375,0.0097,3
2306.08827v2,appendix_table,L1RE,Burgers,2d-C,PINN,0.296,0.00074,3
2306.08827v2,appendix_table,L1RE,Burgers,2d-C,PINN-w,0.243,0.00298,3
2306.08827v2,appendix_table,L1RE,Burgers,2d-C,LRA,0.231,0.00716,3
2306.08827v2,appendix_table,L1RE,Burgers,2d-C,NTK,0.248,0.00533,3
2306.08827v2,appendix_table,L1RE,Burgers,2d-C,RAR,0.327,3.73e-05,3
2306.08827v2,appendix_table,L1RE,Burgers,2d-C,MultiAdam,0.312,0.0115,3
2306.08827v2,appendix_table,L1RE,Burgers,2d-C,gPINN,0.301,0.000355,3
2306.08827v2,appendix_table,L1RE,Burgers,2d-C,vPINN,0.656,0.0301,3
2306.08827v2,appendix_table,L1RE,Burgers,2d-C,LAAF,0.257,0.0206,3
2306.08827v2,appendix_table,L1RE,Burgers,2d-C,GAAF,0.267,0.0122,3
2306.08827v2,appendix_table,L1RE,Burgers,2d-C,FBPINN,,,3
2306.08827v2,appendix_table,L1RE,Poisson,2d-C,PINN,0.74,0.00549,3
2306.08827v2,appendix_table,L1RE,Poisson,2d-C,PINN-w,0.0308,0.00513,3
2306.08827v2,appendix_table,L1RE,Poisson,2d-C,LRA,0.0782,0.0747,3
2306.08827v2,appendix_table,L1RE,Poisson,2d-C,NTK,0.013,0.00823,3
2306.08827v2,appendix_table,L1RE,Poisson,2d-C,RAR,0.748,0.0101,3
2306.08827v2,appendix_table,L1RE,Poisson,2d-C,MultiAdam,0.0247,0.00638,3
2306.08827v2,appendix_table,L1RE,Poisson,2d-C,gPINN,0.735,0.0208,3
2306.08827v2,appendix_table,L1RE,Poisson,2d-C,vPINN,0.46,0.0139,3
2306.08827v2,appendix_table,L1RE,Poisson,2d-C,LAAF,0.767,0.0136,3
2306.08827v2,appendix_table,L1RE,Poisson,2d-C,GAAF,0.657,0.0399,3
2306.08827v2,appendix_table,L1RE,Poisson,2d-C,FBPINN,0.0501,0.00471,3
2306.08827v2,appendix_table,L1RE,Poisson,2d-CG,PINN,0.545,0.00471,3
2306.08827v2,appendix_table,L1RE,Poisson,2d-CG,PINN-w,0.0454,0.00642,3
2306.08827v2,appendix_table,L1RE,Poisson,2d-CG,LRA,0.0263,0.0055,3
2306.08827v2,appendix_table,L1RE,Poisson,2d-CG,NTK,0.0133,0.00496,3
2306.08827v2,appendix_table,L1RE,Poisson,2d-CG,RAR,0.56,0.00819,3
2306.08827v2,appendix_table,L1RE,Poisson,2d-CG,MultiAdam,0.246,0.107,3
2306.08827v2,appendix_table,L1RE,Poisson,2d-CG,gPINN,0.731,0.00277,3
2306.08827v2,appendix_table,L1RE,Poisson,2d-CG,vPINN,0.245,0.00514,3
2306.08827v2,appendix_table,L1RE,Poisson,2d-CG,LAAF,0.404,0.0103,3
2306.08827v2,appendix_table,L1RE,Poisson,2d-CG,GAAF,0.709,0.212,3
2306.08827v2,appendix_table,L1RE,Poisson,2d-CG,FBPINN,0.0321,0.00623,3
2306.08827v2,appendix_table,L1RE,Poisson,3d-CG,PINN,0.451,0.0335,3
2306.08827v2,appendix_table,L1RE,Poisson,3d-CG,PINN-w,0.333,0.0264,3
2306.08827v2,appendix_table,L1RE,Poisson,3d-CG,LRA,0.0776,0.0163,3
2306.08827v2,appendix_table,L1RE,Poisson,3d-CG,NTK,0.993,0.000291,3
2306.08827v2,appendix_table,L1RE,Poisson,3d-CG,RAR,0.461,0.0446,3
2306.08827v2,appendix_table,L1RE,Poisson,3d-CG,MultiAdam,0.355,0.0775,3
2306.08827v2,appendix_table,L1RE,Poisson,3d-CG,gPINN,0.457,0.0507,3
2306.08827v2,appendix_table,L1RE,Poisson,3d-CG,vPINN,0.796,0.000357,3
2306.08827v2,appendix_table,L1RE,Poisson,3d-CG,LAAF,0.46,0.0113,3
2306.08827v2,appendix_table,L1RE,Poisson,3d-CG,GAAF,0.382,0.0489,3
2306.08827v2,appendix_table,L1RE,Poisson,3d-CG,FBPINN,0.691,0.0752,3
2306.08827v2,appendix_table,L1RE,Poisson,2d-MS,PINN,0.76,0.0106,3
2306.08827v2,appendix_table,L1RE,Poisson,2d-MS,PINN-w,0.749,0.0112,3
2306.08827v2,appendix_table,L1RE,Poisson,2d-MS,LRA,0.793,0.0762,3
2306.08827v2,appendix_table,L1RE,Poisson,2d-MS,NTK,0.726,0.0146,3
2306.08827v2,appendix_table,L1RE,Poisson,2d-MS,RAR,0.784,0.0242,3
2306.08827v2,appendix_table,L1RE,Poisson,2d-MS,MultiAdam,0.694,0.0561,3
2306.08827v2,appendix_table,L1RE,Poisson,2d-MS,gPINN,0.741,0.0201,3
2306.08827v2,appendix_table,L1RE,Poisson,2d-MS,vPINN,0.961,0.0567,3
2306.08827v2,appendix_table,L1RE,Poisson,2d-MS,LAAF,0.631,0.0542,3
2306.08827v2,appendix_table,L1RE,Poisson,2d-MS,GAAF,0.904,0.101,3
2306.08827v2,appendix_table,L1RE,Poisson,2d-MS,FBPINN,0.994,9.67e-05,3
2306.08827v2,appendix_table,L1RE,Heat,2d-VC,PINN,1.12,0.0579,3
2306.08827v2,appendix_table,L1RE,Heat,2d-VC,PINN-w,0.241,0.0173,3
2306.08827v2,appendix_table,L1RE,Heat,2d-VC,LRA,0.207,0.00104,3
2306.08827v2,appendix_table,L1RE,Heat,2d-VC,NTK,0.203,0.0112,3
2306.08827v2,appendix_table,L1RE,Heat,2d-VC,RAR,1.06,0.0513,3
2306.08827v2,appendix_table,L1RE,Heat,2d-VC,MultiAdam,0.545,0.107,3
2306.08827v2,appendix_table,L1RE,Heat,2d-VC,gPINN,2.41,0.527,3
2306.08827v2,appendix_table,L1RE,Heat,2d-VC,vPINN,0.879,0.257,3
2306.08827v2,appendix_table,L1RE,Heat,2d-VC,LAAF,0.749,0.0854,3
2306.08827v2,appendix_table,L1RE,Heat,2d-VC,GAAF,0.991,0.137,3
2306.08827v2,appendix_table,L1RE,Heat,2d-VC,FBPINN,0.944,0.00175,3
2306.08827v2,appendix_table,L1RE,Heat,2d-MS,PINN,0.093,0.0227,3
2306.08827v2,appendix_table,L1RE,Heat,2d-MS,PINN-w,0.29,0.0243,3
2306.08827v2,appendix_table,L1RE,Heat,2d-MS,LRA,0.113,0.0357,3
2306.08827v2,appendix_table,L1RE,Heat,2d-MS,NTK,0.0669,0.00824,3
2306.08827v2,appendix_table,L1RE,Heat,2d-MS,RAR,0.119,0.0216,3
2306.08827v2,appendix_table,L1RE,Heat,2d-MS,MultiAdam,0.3,0.114,3
2306.08827v2,appendix_table,L1RE,Heat,2d-MS,gPINN,0.18,0.0112,3
2306.08827v2,appendix_table,L1RE,Heat,2d-MS,vPINN,0.925,0.039,3
2306.08827v2,appendix_table,L1RE,Heat,2d-MS,LAAF,0.114,0.0498,3
2306.08827v2,appendix_table,L1RE,Heat,2d-MS,GAAF,1.08,0.202,3
2306.08827v2,appendix_table,L1RE,Heat,2d-MS,FBPINN,0.0533,0.00392,3
2306.08827v2,appendix_table,L1RE,Heat,2d-CG,PINN,0.0305,0.00847,3
2306.08827v2,appendix_table,L1RE,Heat,2d-CG,PINN-w,0.137,0.0077,3
2306.08827v2,appendix_table,L1RE,Heat,2d-CG,LRA,0.112,0.00257,3
2306.08827v2,appendix_table,L1RE,Heat,2d-CG,NTK,0.107,0.0144,3
2306.08827v2,appendix_table,L1RE,Heat,2d-CG,RAR,0.0221,0.00342,3
2306.08827v2,appendix_table,L1RE,Heat,2d-CG,MultiAdam,0.0588,0.0102,3
2306.08827v2,appendix_table,L1RE,Heat,2d-CG,gPINN,0.082,0.0132,3
2306.08827v2,appendix_table,L1RE,Heat,2d-CG,vPINN,3.09,0.0186,3
2306.08827v2,appendix_table,L1RE,Heat,2d-CG,LAAF,0.0194,0.00198,3
2306.08827v2,appendix_table,L1RE,Heat,2d-CG,GAAF,0.377,0.217,3
2306.08827v2,appendix_table,L1RE,Heat,2d-CG,FBPINN,0.677,0.0393,3
2306.08827v2,appendix_table,L1RE,Heat,2d-LT,PINN,0.998,6e-05,3
2306.08827v2,appendix_table,L1RE,Heat,2d-LT,PINN-w,0.998,0.000142,3
2306.08827v2,appendix_table,L1RE,Heat,2d-LT,LRA,0.998,0.000147,3
2306.08827v2,appendix_table,L1RE,Heat,2d-LT,NTK,0.999,0.00101,3
2306.08827v2,appendix_table,L1RE,Heat,2d-LT,RAR,0.998,0.000228,3
2306.08827v2,appendix_table,L1RE,Heat,2d-LT,MultiAdam,0.999,5.69e-05,3
2306.08827v2,appendix_table,L1RE,Heat,2d-LT,gPINN,0.998,0.000862,3
2306.08827v2,appendix_table,L1RE,Heat,2d-LT,vPINN,0.998,0.0,3
2306.08827v2,appendix_table,L1RE,Heat,2d-LT,LAAF,0.998,0.000127,3
2306.08827v2,appendix_table,L1RE,Heat,2d-LT,GAAF,0.998,8.58e-05,3
2306.08827v2,appendix_table,L1RE,Heat,2d-LT,FBPINN,1.01,0.000775,3
2306.08827v2,appendix_table,L1RE,NS,2d-C,PINN,0.0508,0.00306,3
2306.08827v2,appendix_table,L1RE,NS,2d-C,PINN-w,0.184,0.0152,3
2306.08827v2,appendix_table,L1RE,NS,2d-C,LRA,,,3
2306.08827v2,appendix_table,L1RE,NS,2d-C,NTK,0.244,0.0305,3
2306.08827v2,appendix_table,L1RE,NS,2d-C,RAR,0.554,0.0124,3
2306.08827v2,appendix_table,L1RE,NS,2d-C,MultiAdam,0.986,0.316,3
2306.08827v2,appendix_table,L1RE,NS,2d-C,gPINN,0.0943,0.00324,3
2306.08827v2,appendix_table,L1RE,NS,2d-C,vPINN,0.198,0.0781,3
2306.08827v2,appendix_table,L1RE,NS,2d-C,LAAF,0.0442,0.00738,3
2306.08827v2,appendix_table,L1RE,NS,2d-C,GAAF,0.0378,0.00871,3
2306.08827v2,appendix_table,L1RE,NS,2d-C,FBPINN,0.118,0.031,3
2306.08827v2,appendix_table,L1RE,NS,2d-CG,PINN,0.177,0.01,3
2306.08827v2,appendix_table,L1RE,NS,2d-CG,PINN-w,0.422,0.00872,3
2306.08827v2,appendix_table,L1RE,NS,2d-CG,LRA,0.412,0.00693,3
2306.08827v2,appendix_table,L1RE,NS,2d-CG,NTK,0.369,0.0246,3
2306.08827v2,appendix_table,L1RE,NS,2d-CG,RAR,0.465,0.00444,3
2306.08827v2,appendix_table,L1RE,NS,2d-CG,MultiAdam,0.623,0.0886,3
2306.08827v2,appendix_table,L1RE,NS,2d-CG,gPINN,0.236,0.0115,3
2306.08827v2,appendix_table,L1RE,NS,2d-CG,vPINN,0.995,0.00035,3
2306.08827v2,appendix_table,L1RE,NS,2d-CG,LAAF,0.125,0.0142,3
2306.08827v2,appendix_table,L1RE,NS,2d-CG,GAAF,0.24,0.0801,3
2306.08827v2,appendix_table,L1RE,NS,2d-CG,FBPINN,5.92,0.000565,3
2306.08827v2,appendix_table,L1RE,NS,2d-LT,PINN,0.988,0.00186,3
2306.08827v2,appendix_table,L1RE,NS,2d-LT,PINN-w,0.998,0.000468,3
2306.08827v2,appendix_table,L1RE,NS,2d-LT,LRA,0.997,0.000364,3
2306.08827v2,appendix_table,L1RE,NS,2d-LT,NTK,0.995,0.000666,3
2306.08827v2,appendix_table,L1RE,NS,2d-LT,RAR,1.0,0.000246,3
2306.08827v2,appendix_table,L1RE,NS,2d-LT,MultiAdam,0.999,0.000927,3
2306.08827v2,appendix_table,L1RE,NS,2d-LT,gPINN,0.99,0.00036,3
2306.08827v2,appendix_table,L1RE,NS,2d-LT,vPINN,1.0,0.00014,3
2306.08827v2,appendix_table,L1RE,NS,2d-LT,LAAF,0.99,0.00378,3
2306.08827v2,appendix_table,L1RE,NS,2d-LT,GAAF,0.996,0.00268,3
2306.08827v2,appendix_table,L1RE,NS,2d-LT,FBPINN,1.0,0.00138,3
2306.08827v2,appendix_table,L1RE,Wave,1d-C,PINN,0.587,0.092,3
2306.08827v2,appendix_table,L1RE,Wave,1d-C,PINN-w,0.278,0.00886,3
2306.08827v2,appendix_table,L1RE,Wave,1d-C,LRA,0.349,0.0202,3
2306.08827v2,appendix_table,L1RE,Wave,1d-C,NTK,0.0942,0.00913,3
2306.08827v2,appendix_table,L1RE,Wave,1d-C,RAR,0.54,0.0174,3
2306.08827v2,appendix_table,L1RE,Wave,1d-C,MultiAdam,0.115,0.0191,3
2306.08827v2,appendix_table,L1RE,Wave,1d-C,gPINN,0.56,0.0169,3
2306.08827v2,appendix_table,L1RE,Wave,1d-C,vPINN,1.41,0.13,3
2306.08827v2,appendix_table,L1RE,Wave,1d-C,LAAF,0.438,0.014,3
2306.08827v2,appendix_table,L1RE,Wave,1d-C,GAAF,0.682,0.108,3
2306.08827v2,appendix_table,L1RE,Wave,1d-C,FBPINN,0.655,0.0486,3
2306.08827v2,appendix_table,L1RE,Wave,2d-CG,PINN,1.96,0.383,3
2306.08827v2,appendix_table,L1RE,Wave,2d-CG,PINN-w,1.78,0.0889,3
2306.08827v2,appendix_table,L1RE,Wave,2d-CG,LRA,1.58,0.115,3
2306.08827v2,appendix_table,L1RE,Wave,2d-CG,NTK,2.34,0.114,3
2306.08827v2,appendix_table,L1RE,Wave,2d-CG,RAR,1.16,0.116,3
2306.08827v2,appendix_table,L1RE,Wave,2d-CG,MultiAdam,1.09,0.154,3
2306.08827v2,appendix_table,L1RE,Wave,2d-CG,gPINN,0.722,0.0163,3
2306.08827v2,appendix_table,L1RE,Wave,2d-CG,vPINN,1.08,0.125,3
2306.08827v2,appendix_table,L1RE,Wave,2d-CG,LAAF,0.745,0.0215,3
2306.08827v2,appendix_table,L1RE,Wave,2d-CG,GAAF,0.708,0.00913,3
2306.08827v2,appendix_table,L1RE,Wave,2d-CG,FBPINN,1.15,0.103,3
2306.08827v2,appendix_table,L1RE,Wave,2d-MS,PINN,2.04,0.738,3
2306.08827v2,appendix_table,L1RE,Wave,2d-MS,PINN-w,1.1,0.0425,3
2306.08827v2,appendix_table,L1RE,Wave,2d-MS,LRA,1.08,0.0601,3
2306.08827v2,appendix_table,L1RE,Wave,2d-MS,NTK,1.13,0.0491,3
2306.08827v2,appendix_table,L1RE,Wave,2d-MS,RAR,2.08,0.745,3
2306.08827v2,appendix_table,L1RE,Wave,2d-MS,MultiAdam,1.07,0.014,3
2306.08827v2,appendix_table,L1RE,Wave,2d-MS,gPINN,1.11,0.0191,3
2306.08827v2,appendix_table,L1RE,Wave,2d-MS,vPINN,1.05,0.01,3
2306.08827v2,appendix_table,L1RE,Wave,2d-MS,LAAF,1.17,0.0466,3
2306.08827v2,appendix_table,L1RE,Wave,2d-MS,GAAF,1.12,0.0862,3
2306.08827v2,appendix_table,L1RE,Wave,2d-MS,FBPINN,1.29,0.0281,3
2306.08827v2,appendix_table,L1RE,Chaotic,GS,PINN,0.345,0.457,3
2306.08827v2,appendix_table,L1RE,Chaotic,GS,PINN-w,0.129,0.154,3
2306.08827v2,appendix_table,L1RE,Chaotic,GS,LRA,0.0201,5.99e-05,3
2306.08827v2,appendix_table,L1RE,Chaotic,GS,NTK,0.111,0.0479,3
2306.08827v2,appendix_table,L1RE,Chaotic,GS,RAR,0.0298,0.00644,3
2306.08827v2,appendix_table,L1RE,Chaotic,GS,MultiAdam,0.02,6.12e-05,3
2306.08827v2,appendix_table,L1RE,Chaotic,GS,gPINN,0.272,0.179,3
2306.08827v2,appendix_table,L1RE,Chaotic,GS,vPINN,1.04,0.304,3
2306.08827v2,appendix_table,L1RE,Chaotic,GS,LAAF,0.0207,0.000919,3
2306.08827v2,appendix_table,L1RE,Chaotic,GS,GAAF,0.116,0.131,3
2306.08827v2,appendix_table,L1RE,Chaotic,GS,FBPINN,0.0506,0.0187,3
2306.08827v2,appendix_table,L1RE,Chaotic,KS,PINN,0.944,0.000857,3
2306.08827v2,appendix_table,L1RE,Chaotic,KS,PINN-w,0.895,0.0299,3
2306.08827v2,appendix_table,L1RE,Chaotic,KS,LRA,0.86,0.00348,3
2306.08827v2,appendix_table,L1RE,Chaotic,KS,NTK,0.864,0.00331,3
2306.08827v2,appendix_table,L1RE,Chaotic,KS,RAR,0.942,0.000875,3
2306.08827v2,appendix_table,L1RE,Chaotic,KS,MultiAdam,0.873,0.0084,3
2306.08827v2,appendix_table,L1RE,Chaotic,KS,gPINN,0.936,0.00612,3
2306.08827v2,appendix_table,L1RE,Chaotic,KS,vPINN,0.888,0.00992,3
2306.08827v2,appendix_table,L1RE,Chaotic,KS,LAAF,0.939,0.00325,3
2306.08827v2,appendix_table,L1RE,Chaotic,KS,GAAF,0.944,0.00986,3
2306.08827v2,appendix_table,L1RE,Chaotic,KS,FBPINN,0.985,0.0335,3
2306.08827v2,appendix_table,L1RE,High dim,PNd,PINN,0.0024,0.000344,3
2306.08827v2,appendix_table,L1RE,High dim,PNd,PINN-w,0.00234,0.00127,3
2306.08827v2,appendix_table,L1RE,High dim,PNd,LRA,0.000317,9.16e-06,3
2306.08827v2,appendix_table,L1RE,High dim,PNd,NTK,0.00458,0.00456,3
2306.08827v2,appendix_table,L1RE,High dim,PNd,RAR,0.00298,0.00124,3
2306.08827v2,appendix_table,L1RE,High dim,PNd,MultiAdam,0.0034,0.000871,3
2306.08827v2,appendix_table,L1RE,High dim,PNd,gPINN,0.00443,0.000845,3
2306.08827v2,appendix_table,L1RE,High dim,PNd,vPINN,,,3
2306.08827v2,appendix_table,L1RE,High dim,PNd,LAAF,0.00433,0.00188,3
2306.08827v2,appendix_table,L1RE,High dim,PNd,GAAF,0.00572,0.00157,3
2306.08827v2,appendix_table,L1RE,High dim,PNd,FBPINN,,,3
2306.08827v2,appendix_table,L1RE,High dim,HNd,PINN,0.225,0.00387,3
2306.08827v2,appendix_table,L1RE,High dim,HNd,PINN-w,0.327,0.00513,3
2306.08827v2,appendix_table,L1RE,High dim,HNd,LRA,0.263,0.013,3
2306.08827v2,appendix_table,L1RE,High dim,HNd,NTK,0.264,0.0159,3
2306.08827v2,appendix_table,L1RE,High dim,HNd,RAR,0.224,0.00256,3
2306.08827v2,appendix_table,L1RE,High dim,HNd,MultiAdam,0.158,0.0271,3
2306.08827v2,appendix_table,L1RE,High dim,HNd,gPINN,0.183,0.00599,3
2306.08827v2,appendix_table,L1RE,High dim,HNd,vPINN,,,3
2306.08827v2,appendix_table,L1RE,High dim,HNd,LAAF,0.342,0.00332,3
2306.08827v2,appendix_table,L1RE,High dim,HNd,GAAF,0.34,0.00524,3
2306.08827v2,appendix_table,L1RE,High dim,HNd,FBPINN,,,3
2306.08827v2,appendix_table,L1RE,Inverse,PInv,PINN,0.083,0.000688,3
2306.08827v2,appendix_table,L1RE,Inverse,PInv,PINN-w,0.114,0.00356,3
2306.08827v2,appendix_table,L1RE,Inverse,PInv,LRA,0.114,0.00695,3
2306.08827v2,appendix_table,L1RE,Inverse,PInv,NTK,0.133,0.0101,3
2306.08827v2,appendix_table,L1RE,Inverse,PInv,RAR,0.0835,0.00953,3
2306.08827v2,appendix_table,L1RE,Inverse,PInv,MultiAdam,0.113,0.0164,3
2306.08827v2,appendix_table,L1RE,Inverse,PInv,gPINN,0.0733,0.00249,3
2306.08827v2,appendix_table,L1RE,Inverse,PInv,vPINN,0.0196,0.00775,3
2306.08827v2,appendix_table,L1RE,Inverse,PInv,LAAF,0.812,1.01,3
2306.08827v2,appendix_table,L1RE,Inverse,PInv,GAAF,0.218,0.12,3
2306.08827v2,appendix_table,L1RE,Inverse,PInv,FBPINN,0.839,0.139,3
2306.08827v2,appendix_table,L1RE,Inverse,HInv,PINN,1.06,0.0539,3
2306.08827v2,appendix_table,L1RE,Inverse,HInv,PINN-w,0.0416,0.00318,3
2306.08827v2,appendix_table,L1RE,Inverse,HInv,LRA,0.0394,0.00152,3
2306.08827v2,appendix_table,L1RE,Inverse,HInv,NTK,0.0596,0.00254,3
2306.08827v2,appendix_table,L1RE,Inverse,HInv,RAR,1.01,0.0568,3
2306.08827v2,appendix_table,L1RE,Inverse,HInv,MultiAdam,0.0629,0.00858,3
2306.08827v2,appendix_table,L1RE,Inverse,HInv,gPINN,3.51,1.59,3
2306.08827v2,appendix_table,L1RE,Inverse,HInv,vPINN,0.459,0.00122,3
2306.08827v2,appendix_table,L1RE,Inverse,HInv,LAAF,0.393,0.332,3
2306.08827v2,appendix_table,L1RE,Inverse,HInv,GAAF,0.189,0.063,3
2306.08827v2,appendix_table,L1RE,Inverse,HInv,FBPINN,0.846,0.0718,3
2306.08827v2,appendix_table,mERR,Burgers,1d-C,PINN,0.0903,0.00676,3
2306.08827v2,appendix_table,mERR,Burgers,1d-C,LRA,0.153,0.0564,3
2306.08827v2,appendix_table,mERR,Burgers,1d-C,NTK,0.133,0.0785,3
2306.08827v2,appendix_table,mERR,Burgers,1d-C,RAR,0.338,0.282,3
2306.08827v2,appendix_table,mERR,Burgers,1d-C,MultiAdam,0.402,0.204,3
2306.08827v2,appendix_table,mERR,Burgers,1d-C,gPINN,0.947,0.0188,3
2306.08827v2,appendix_table,mERR,Burgers,1d-C,vPINN,1.84,0.0153,3
2306.08827v2,appendix_table,mERR,Burgers,1d-C,LAAF,0.258,0.296,3
2306.08827v2,appendix_table,mERR,Burgers,1d-C,GAAF,0.188,0.0602,3
2306.08827v2,appendix_table,mERR,Burgers,1d-C,FBPINN,1.34,0.498,3
2306.08827v2,appendix_table,mERR,Burgers,2d-C,PINN,4.32,0.0801,3
2306.08827v2,appendix_table,mERR,Burgers,2d-C,LRA,3.84,0.196,3
2306.08827v2,appendix_table,mERR,Burgers,2d-C,NTK,4.07,0.0699,3
2306.08827v2,appendix_table,mERR,Burgers,2d-C,RAR,4.47,0.132,3
2306.08827v2,appendix_table,mERR,Burgers,2d-C,MultiAdam,3.99,0.133,3
2306.08827v2,appendix_table,mERR,Burgers,2d-C,gPINN,3.83,0.00603,3
2306.08827v2,appendix_table,mERR,Burgers,2d-C,vPINN,9.12,3.83,3
2306.08827v2,appendix_table,mERR,Burgers,2d-C,LAAF,4.11,0.199,3
2306.08827v2,appendix_table,mERR,Burgers,2d-C,GAAF,4.14,0.111,3
2306.08827v2,appendix_table,mERR,Burgers,2d-C,FBPINN,,,3
2306.08827v2,appendix_table,mERR,Poisson,2d-C,PINN,0.941,0.094,3
2306.08827v2,appendix_table,mERR,Poisson,2d-C,LRA,0.593,0.387,3
2306.08827v2,appendix_table,mERR,Poisson,2d-C,NTK,0.0294,0.0137,3
2306.08827v2,appendix_table,mERR,Poisson,2d-C,RAR,0.927,0.0967,3
2306.08827v2,appendix_table,mERR,Poisson,2d-C,MultiAdam,0.399,0.367,3
2306.08827v2,appendix_table,mERR,Poisson,2d-C,gPINN,0.799,0.028,3
2306.08827v2,appendix_table,mERR,Poisson,2d-C,vPINN,0.209,0.013,3
2306.08827v2,appendix_table,mERR,Poisson,2d-C,LAAF,0.826,0.0278,3
2306.08827v2,appendix_table,mERR,Poisson,2d-C,GAAF,0.502,0.00237,3
2306.08827v2,appendix_table,mERR,Poisson,2d-C,FBPINN,0.171,0.0152,3
2306.08827v2,appendix_table,mERR,Poisson,2d-CG,PINN,1.63,0.0176,3
2306.08827v2,appendix_table,mERR,Poisson,2d-CG,LRA,0.349,0.249,3
2306.08827v2,appendix_table,mERR,Poisson,2d-CG,NTK,0.0681,0.0306,3
2306.08827v2,appendix_table,mERR,Poisson,2d-CG,RAR,1.65,0.0132,3
2306.08827v2,appendix_table,mERR,Poisson,2d-CG,MultiAdam,0.584,0.0786,3
2306.08827v2,appendix_table,mERR,Poisson,2d-CG,gPINN,1.67,0.0059,3
2306.08827v2,appendix_table,mERR,Poisson,2d-CG,vPINN,1.62,0.00337,3
2306.08827v2,appendix_table,mERR,Poisson,2d-CG,LAAF,1.61,0.0251,3
2306.08827v2,appendix_table,mERR,Poisson,2d-CG,GAAF,1.49,0.145,3
2306.08827v2,appendix_table,mERR,Poisson,2d-CG,FBPINN,0.198,0.0314,3
2306.08827v2,appendix_table,mERR,Poisson,3d-CG,PINN,1.04,0.0537,3
2306.08827v2,appendix_table,mERR,Poisson,3d-CG,LRA,0.391,0.14,3
2306.08827v2,appendix_table,mERR,Poisson,3d-CG,NTK,1.12,0.000737,3
2306.08827v2,appendix_table,mERR,Poisson,3d-CG,RAR,1.09,0.111,3
2306.08827v2,appendix_table,mERR,Poisson,3d-CG,MultiAdam,0.688,0.151,3
2306.08827v2,appendix_table,mERR,Poisson,3d-CG,gPINN,0.787,0.134,3
2306.08827v2,appendix_table,mERR,Poisson,3d-CG,vPINN,0.159,7.13e-05,3
2306.08827v2,appendix_table,mERR,Poisson,3d-CG,LAAF,1.14,0.0377,3
2306.08827v2,appendix_table,mERR,Poisson,3d-CG,GAAF,1.21,0.249,3
2306.08827v2,appendix_table,mERR,Poisson,3d-CG,FBPINN,1.07,0.0263,3
2306.08827v2,appendix_table,mERR,Poisson,2d-MS,PINN,4.87,0.21,3
2306.08827v2,appendix_table,mERR,Poisson,2d-MS,LRA,9.58,0.205,3
2306.08827v2,appendix_table,mERR,Poisson,2d-MS,NTK,9.66,0.0186,3
2306.08827v2,appendix_table,mERR,Poisson,2d-MS,RAR,4.96,0.29,3
2306.08827v2,appendix_table,mERR,Poisson,2d-MS,MultiAdam,5.88,0.669,3
2306.08827v2,appendix_table,mERR,Poisson,2d-MS,gPINN,5.01,0.261,3
2306.08827v2,appendix_table,mERR,Poisson,2d-MS,vPINN,9.87,0.0012,3
2306.08827v2,appendix_table,mERR,Poisson,2d-MS,LAAF,4.4,0.458,3
2306.08827v2,appendix_table,mERR,Poisson,2d-MS,GAAF,8.77,2.15,3
2306.08827v2,appendix_table,mERR,Poisson,2d-MS,FBPINN,9.87,0.000544,3
2306.08827v2,appendix_table,mERR,Heat,2d-VC,PINN,0.993,0.072,3
2306.08827v2,appendix_table,mERR,Heat,2d-VC,LRA,0.263,0.0089,3
2306.08827v2,appendix_table,mERR,Heat,2d-VC,NTK,0.267,0.0174,3
2306.08827v2,appendix_table,mERR,Heat,2d-VC,RAR,1.03,0.0773,3
2306.08827v2,appendix_table,mERR,Heat,2d-VC,MultiAdam,0.473,0.107,3
2306.08827v2,appendix_table,mERR,Heat,2d-VC,gPINN,4.46,1.05,3
2306.08827v2,appendix_table,mERR,Heat,2d-VC,vPINN,0.883,0.335,3
2306.08827v2,appendix_table,mERR,Heat,2d-VC,LAAF,0.779,0.0819,3
2306.08827v2,appendix_table,mERR,Heat,2d-VC,GAAF,0.785,0.212,3
2306.08827v2,appendix_table,mERR,Heat,2d-VC,FBPINN,0.778,0.00111,3
2306.08827v2,appendix_table,mERR,Heat,2d-MS,PINN,0.091,0.032,3
2306.08827v2,appendix_table,mERR,Heat,2d-MS,LRA,0.16,0.0565,3
2306.08827v2,appendix_table,mERR,Heat,2d-MS,NTK,0.0665,0.025,3
2306.08827v2,appendix_table,mERR,Heat,2d-MS,RAR,0.0436,0.0128,3
2306.08827v2,appendix_table,mERR,Heat,2d-MS,MultiAdam,0.158,0.0885,3
2306.08827v2,appendix_table,mERR,Heat,2d-MS,gPINN,0.71,0.305,3
2306.08827v2,appendix_table,mERR,Heat,2d-MS,vPINN,0.369,0.001,3
2306.08827v2,appendix_table,mERR,Heat,2d-MS,LAAF,0.0553,0.012,3
2306.08827v2,appendix_table,mERR,Heat,2d-MS,GAAF,0.0835,0.047,3
2306.08827v2,appendix_table,mERR,Heat,2d-MS,FBPINN,0.181,0.00494,3
2306.08827v2,appendix_table,mERR,Heat,2d-CG,PINN,0.94,0.0748,3
2306.08827v2,appendix_table,mERR,Heat,2d-CG,LRA,0.64,0.037,3
2306.08827v2,appendix_table,mERR,Heat,2d-CG,NTK,1.14,0.121,3
2306.08827v2,appendix_table,mERR,Heat,2d-CG,RAR,0.9,0.147,3
2306.08827v2,appendix_table,mERR,Heat,2d-CG,MultiAdam,1.39,0.232,3
2306.08827v2,appendix_table,mERR,Heat,2d-CG,gPINN,2.2,0.295,3
2306.08827v2,appendix_table,mERR,Heat,2d-CG,vPINN,4.38,0.348,3
2306.08827v2,appendix_table,mERR,Heat,2d-CG,LAAF,0.959,0.0539,3
2306.08827v2,appendix_table,mERR,Heat,2d-CG,GAAF,3.18,0.499,3
2306.08827v2,appendix_table,mERR,Heat,2d-CG,FBPINN,2.83,0.363,3
2306.08827v2,appendix_table,mERR,Heat,2d-LT,PINN,2.18,0.695,3
2306.08827v2,appendix_table,mERR,Heat,2d-LT,LRA,1.82,0.016,3
2306.08827v2,appendix_table,mERR,Heat,2d-LT,NTK,1.83,0.014,3
2306.08827v2,appendix_table,mERR,Heat,2d-LT,RAR,1.85,0.0116,3
2306.08827v2,appendix_table,mERR,Heat,2d-LT,MultiAdam,1.82,0.024,3
2306.08827v2,appendix_table,mERR,Heat,2d-LT,gPINN,5.46,6.13,3
2306.08827v2,appendix_table,mERR,Heat,2d-LT,vPINN,3.09,0.346,3
2306.08827v2,appendix_table,mERR,Heat,2d-LT,LAAF,1.84,0.0151,3
2306.08827v2,appendix_table,mERR,Heat,2d-LT,GAAF,1.81,0.00794,3
2306.08827v2,appendix_table,mERR,Heat,2d-LT,FBPINN,3.32,0.0615,3
2306.08827v2,appendix_table,mERR,NS,2d-C,PINN,0.226,0.00633,3
2306.08827v2,appendix_table,mERR,NS,2d-C,LRA,,,3
2306.08827v2,appendix_table,mERR,NS,2d-C,NTK,0.265,0.0305,3
2306.08827v2,appendix_table,mERR,NS,2d-C,RAR,0.222,0.0142,3
2306.08827v2,appendix_table,mERR,NS,2d-C,MultiAdam,0.567,0.0628,3
2306.08827v2,appendix_table,mERR,NS,2d-C,gPINN,0.473,0.0317,3
2306.08827v2,appendix_table,mERR,NS,2d-C,vPINN,0.18,0.0164,3
2306.08827v2,appendix_table,mERR,NS,2d-C,LAAF,0.184,0.00541,3
2306.08827v2,appendix_table,mERR,NS,2d-C,GAAF,0.199,0.00909,3
2306.08827v2,appendix_table,mERR,NS,2d-C,FBPINN,0.2,0.0473,3
2306.08827v2,appendix_table,mERR,NS,2d-CG,PINN,0.206,0.00669,3
2306.08827v2,appendix_table,mERR,NS,2d-CG,LRA,0.497,0.091,3
2306.08827v2,appendix_table,mERR,NS,2d-CG,NTK,0.333,0.0392,3
2306.08827v2,appendix_table,mERR,NS,2d-CG,RAR,0.211,0.00438,3
2306.08827v2,appendix_table,mERR,NS,2d-CG,MultiAdam,0.623,0.187,3
2306.08827v2,appendix_table,mERR,NS,2d-CG,gPINN,0.294,0.00984,3
2306.08827v2,appendix_table,mERR,NS,2d-CG,vPINN,4.31,0.0147,3
2306.08827v2,appendix_table,mERR,NS,2d-CG,LAAF,0.168,0.00234,3
2306.08827v2,appendix_table,mERR,NS,2d-CG,GAAF,0.18,0.00747,3
2306.08827v2,appendix_table,mERR,NS,2d-CG,FBPINN,8.0,0.0,3
2306.08827v2,appendix_table,mERR,NS,2d-LT,PINN,117.0,0.5,3
2306.08827v2,appendix_table,mERR,NS,2d-LT,LRA,121.0,0.2,3
2306.08827v2,appendix_table,mERR,NS,2d-LT,NTK,121.0,0.651,3
2306.08827v2,appendix_table,mERR,NS,2d-LT,RAR,118.0,0.769,3
2306.08827v2,appendix_table,mERR,NS,2d-LT,MultiAdam,121.0,0.24,3
2306.08827v2,appendix_table,mERR,NS,2d-LT,gPINN,121.0,0.569,3
2306.08827v2,appendix_table,mERR,NS,2d-LT,vPINN,123.0,0.554,3
2306.08827v2,appendix_table,mERR,NS,2d-LT,LAAF,118.0,0.676,3
2306.08827v2,appendix_table,mERR,NS,2d-LT,GAAF,119.0,0.528,3
2306.08827v2,appendix_table,mERR,NS,2d-LT,FBPINN,124.0,0.776,3
2306.08827v2,appendix_table,mERR,Wave,1d-C,PINN,0.934,0.116,3
2306.08827v2,appendix_table,mERR,Wave,1d-C,LRA,0.517,0.0611,3
2306.08827v2,appendix_table,mERR,Wave,1d-C,NTK,0.275,0.0222,3
2306.08827v2,appendix_table,mERR,Wave,1d-C,RAR,0.816,0.068,3
2306.08827v2,appendix_table,mERR,Wave,1d-C,MultiAdam,1.26,0.189,3
2306.08827v2,appendix_table,mERR,Wave,1d-C,gPINN,1.28,0.0621,3
2306.08827v2,appendix_table,mERR,Wave,1d-C,vPINN,0.617,0.0541,3
2306.08827v2,appendix_table,mERR,Wave,1d-C,LAAF,0.74,0.0771,3
2306.08827v2,appendix_table,mERR,Wave,1d-C,GAAF,1.18,0.323,3
2306.08827v2,appendix_table,mERR,Wave,1d-C,FBPINN,0.851,0.111,3
2306.08827v2,appendix_table,mERR,Wave,2d-CG,PINN,2.0,0.0989,3
2306.08827v2,appendix_table,mERR,Wave,2d-CG,LRA,1.95,0.126,3
2306.08827v2,appendix_table,mERR,Wave,2d-CG,NTK,2.0,0.018,3
2306.08827v2,appendix_table,mERR,Wave,2d-CG,RAR,1.93,0.088,3
2306.08827v2,appendix_table,mERR,Wave,2d-CG,MultiAdam,1.71,0.0574,3
2306.08827v2,appendix_table,mERR,Wave,2d-CG,gPINN,1.73,0.00281,3
2306.08827v2,appendix_table,mERR,Wave,2d-CG,vPINN,1.66,0.0219,3
2306.08827v2,appendix_table,mERR,Wave,2d-CG,LAAF,1.93,0.148,3
2306.08827v2,appendix_table,mERR,Wave,2d-CG,GAAF,1.88,0.113,3
2306.08827v2,appendix_table,mERR,Wave,2d-CG,FBPINN,1.65,0.0244,3
2306.08827v2,appendix_table,mERR,Wave,2d-MS,PINN,1440.0,292.0,3
2306.08827v2,appendix_table,mERR,Wave,2d-MS,LRA,1950.0,391.0,3
2306.08827v2,appendix_table,mERR,Wave,2d-MS,NTK,1740.0,215.0,3
2306.08827v2,appendix_table,mERR,Wave,2d-MS,RAR,1300.0,272.0,3
2306.08827v2,appendix_table,mERR,Wave,2d-MS,MultiAdam,1050.0,42.9,3
2306.08827v2,appendix_table,mERR,Wave,2d-MS,gPINN,1090.0,41.9,3
2306.08827v2,appendix_table,mERR,Wave,2d-MS,vPINN,443.0,4.24,3
2306.08827v2,appendix_table,mERR,Wave,2d-MS,LAAF,1800.0,88.0,3
2306.08827v2,appendix_table,mERR,Wave,2d-MS,GAAF,1450.0,466.0,3
2306.08827v2,appendix_table,mERR,Wave,2d-MS,FBPINN,5590.0,155.0,3
2306.08827v2,appendix_table,mERR,Chaotic,GS,PINN,3.66,0.1,3
2306.08827v2,appendix_table,mERR,Chaotic,GS,LRA,3.48,0.0897,3
2306.08827v2,appendix_table,mERR,Chaotic,GS,NTK,3.61,0.0638,3
2306.08827v2,appendix_table,mERR,Chaotic,GS,RAR,3.6,0.0685,3
2306.08827v2,appendix_table,mERR,Chaotic,GS,MultiAdam,3.41,0.127,3
2306.08827v2,appendix_table,mERR,Chaotic,GS,gPINN,3.41,0.0354,3
2306.08827v2,appendix_table,mERR,Chaotic,GS,vPINN,0.893,0.0651,3
2306.08827v2,appendix_table,mERR,Chaotic,GS,LAAF,3.76,0.0527,3
2306.08827v2,appendix_table,mERR,Chaotic,GS,GAAF,3.41,0.128,3
2306.08827v2,appendix_table,mERR,Chaotic,GS,FBPINN,0.836,0.0816,3
2306.08827v2,appendix_table,mERR,Chaotic,KS,PINN,0.984,0.00164,3
2306.08827v2,appendix_table,mERR,Chaotic,KS,LRA,0.983,0.000376,3
2306.08827v2,appendix_table,mERR,Chaotic,KS,NTK,0.876,0.172,3
2306.08827v2,appendix_table,mERR,Chaotic,KS,RAR,0.983,0.000711,3
2306.08827v2,appendix_table,mERR,Chaotic,KS,MultiAdam,0.982,0.000142,3
2306.08827v2,appendix_table,mERR,Chaotic,KS,gPINN,0.984,0.00409,3
2306.08827v2,appendix_table,mERR,Chaotic,KS,vPINN,3.33,0.078,3
2306.08827v2,appendix_table,mERR,Chaotic,KS,LAAF,0.983,0.000672,3
2306.08827v2,appendix_table,mERR,Chaotic,KS,GAAF,0.983,0.000376,3
2306.08827v2,appendix_table,mERR,Chaotic,KS,FBPINN,3.3,0.0474,3
2306.08827v2,appendix_table,mERR,High dim,PNd,PINN,0.0296,0.0157,3
2306.08827v2,appendix_table,mERR,High dim,PNd,LRA,0.00405,0.000949,3
2306.08827v2,appendix_table,mERR,High dim,PNd,NTK,0.00499,0.00448,3
2306.08827v2,appendix_table,mERR,High dim,PNd,RAR,0.0272,0.0117,3
2306.08827v2,appendix_table,mERR,High dim,PNd,MultiAdam,0.0396,0.0229,3
2306.08827v2,appendix_table,mERR,High dim,PNd,gPINN,0.0316,0.0121,3
2306.08827v2,appendix_table,mERR,High dim,PNd,vPINN,,,3
2306.08827v2,appendix_table,mERR,High dim,PNd,LAAF,0.059,0.0488,3
2306.08827v2,appendix_table,mERR,High dim,PNd,GAAF,1.76,0.843,3
2306.08827v2,appendix_table,mERR,High dim,PNd,FBPINN,,,3
2306.08827v2,appendix_table,mERR,High dim,HNd,PINN,0.0518,0.0221,3
2306.08827v2,appendix_table,mERR,High dim,HNd,LRA,0.129,0.194,3
2306.08827v2,appendix_table,mERR,High dim,HNd,NTK,0.0632,0.0349,3
2306.08827v2,appendix_table,mERR,High dim,HNd,RAR,0.0464,0.0159,3
2306.08827v2,appendix_table,mERR,High dim,HNd,MultiAdam,0.00792,0.00301,3
2306.08827v2,appendix_table,mERR,High dim,HNd,gPINN,0.0502,0.00595,3
2306.08827v2,appendix_table,mERR,High dim,HNd,vPINN,,,3
2306.08827v2,appendix_table,mERR,High dim,HNd,LAAF,0.0204,0.0122,3
2306.08827v2,appendix_table,mERR,High dim,HNd,GAAF,1.27,1.45,3
2306.08827v2,appendix_table,mERR,High dim,HNd,FBPINN,,,3
