pde,case,true_parameter,pod_modes,pathway,action_disagreement,under_control_rate,over_control_rate,mean_normalized_regret,maximum_normalized_regret,action_qoi_relative_error,hazard_threshold,grid_no_control_rate,grid_moderate_control_rate,grid_strong_control_rate
burgers,0,0.024,2,inference_only,0.0,0.0,0.0,0.0,0.0,0.8789568095506286,0.18926980363273121,0.0,0.0,1.0
burgers,0,0.024,2,response_only,1.0,1.0,0.0,2.3052388632416765,2.6129205139995366,0.8789568095506286,0.18926980363273121,0.0,0.0,1.0
burgers,0,0.024,2,combined,1.0,1.0,0.0,2.3052388632416765,2.6129205139995366,0.8789568095506286,0.18926980363273121,0.0,0.0,1.0
burgers,0,0.024,4,inference_only,0.0,0.0,0.0,0.0,0.0,0.683349657338609,0.18926980363273121,0.0,0.0,1.0
burgers,0,0.024,4,response_only,1.0,1.0,0.0,2.3052388632416765,2.6129205139995366,0.683349657338609,0.18926980363273121,0.0,0.0,1.0
burgers,0,0.024,4,combined,1.0,1.0,0.0,2.3052388632416765,2.6129205139995366,0.683349657338609,0.18926980363273121,0.0,0.0,1.0
burgers,0,0.024,8,inference_only,0.0,0.0,0.0,0.0,0.0,0.48574918904331277,0.18926980363273121,0.0,0.0,1.0
burgers,0,0.024,8,response_only,1.0,1.0,0.0,0.7339377030839755,0.8547129606416392,0.48574918904331277,0.18926980363273121,0.0,0.0,1.0
burgers,0,0.024,8,combined,1.0,1.0,0.0,0.7339377030839755,0.8547129606416392,0.48574918904331277,0.18926980363273121,0.0,0.0,1.0
burgers,0,0.024,16,inference_only,0.0,0.0,0.0,0.0,0.0,0.019588585025080898,0.18926980363273121,0.0,0.0,1.0
burgers,0,0.024,16,response_only,0.0,0.0,0.0,0.0,0.0,0.019588585025080898,0.18926980363273121,0.0,0.0,1.0
burgers,0,0.024,16,combined,0.0,0.0,0.0,0.0,0.0,0.019588585025080898,0.18926980363273121,0.0,0.0,1.0
burgers,0,0.024,32,inference_only,0.0,0.0,0.0,0.0,0.0,0.0008810061731014658,0.18926980363273121,0.0,0.0,1.0
burgers,0,0.024,32,response_only,0.0,0.0,0.0,0.0,0.0,0.0008810061731014658,0.18926980363273121,0.0,0.0,1.0
burgers,0,0.024,32,combined,0.0,0.0,0.0,0.0,0.0,0.0008810061731014658,0.18926980363273121,0.0,0.0,1.0
burgers,0,0.024,64,inference_only,0.0,0.0,0.0,0.0,0.0,4.52696963696781e-16,0.18926980363273121,0.0,0.0,1.0
burgers,0,0.024,64,response_only,0.0,0.0,0.0,0.0,0.0,4.52696963696781e-16,0.18926980363273121,0.0,0.0,1.0
burgers,0,0.024,64,combined,0.0,0.0,0.0,0.0,0.0,4.52696963696781e-16,0.18926980363273121,0.0,0.0,1.0
burgers,1,0.03,2,inference_only,0.0,0.0,0.0,0.0,0.0,0.7527379824030476,0.18926980363273121,0.0,1.0,0.0
burgers,1,0.03,2,response_only,1.0,1.0,0.0,0.22040950663159303,0.267827325902662,0.7527379824030476,0.18926980363273121,0.0,1.0,0.0
burgers,1,0.03,2,combined,1.0,1.0,0.0,0.22040950663159303,0.267827325902662,0.7527379824030476,0.18926980363273121,0.0,1.0,0.0
burgers,1,0.03,4,inference_only,0.0,0.0,0.0,0.0,0.0,0.6110109556869038,0.18926980363273121,0.0,1.0,0.0
burgers,1,0.03,4,response_only,1.0,1.0,0.0,0.22040950663159303,0.267827325902662,0.6110109556869038,0.18926980363273121,0.0,1.0,0.0
burgers,1,0.03,4,combined,1.0,1.0,0.0,0.22040950663159303,0.267827325902662,0.6110109556869038,0.18926980363273121,0.0,1.0,0.0
burgers,1,0.03,8,inference_only,0.0,0.0,0.0,0.0,0.0,0.28173930773833006,0.18926980363273121,0.0,1.0,0.0
burgers,1,0.03,8,response_only,1.0,1.0,0.0,0.22040950663159303,0.267827325902662,0.28173930773833006,0.18926980363273121,0.0,1.0,0.0
burgers,1,0.03,8,combined,1.0,1.0,0.0,0.22040950663159303,0.267827325902662,0.28173930773833006,0.18926980363273121,0.0,1.0,0.0
burgers,1,0.03,16,inference_only,0.0,0.0,0.0,0.0,0.0,0.11412920203424666,0.18926980363273121,0.0,1.0,0.0
burgers,1,0.03,16,response_only,0.0,0.0,0.0,0.0,0.0,0.11412920203424666,0.18926980363273121,0.0,1.0,0.0
burgers,1,0.03,16,combined,0.0,0.0,0.0,0.0,0.0,0.11412920203424666,0.18926980363273121,0.0,1.0,0.0
burgers,1,0.03,32,inference_only,0.0,0.0,0.0,0.0,0.0,0.0013851119916818756,0.18926980363273121,0.0,1.0,0.0
burgers,1,0.03,32,response_only,0.0,0.0,0.0,0.0,0.0,0.0013851119916818756,0.18926980363273121,0.0,1.0,0.0
burgers,1,0.03,32,combined,0.0,0.0,0.0,0.0,0.0,0.0013851119916818756,0.18926980363273121,0.0,1.0,0.0
burgers,1,0.03,64,inference_only,0.0,0.0,0.0,0.0,0.0,3.0057814845226534e-16,0.18926980363273121,0.0,1.0,0.0
burgers,1,0.03,64,response_only,0.0,0.0,0.0,0.0,0.0,3.0057814845226534e-16,0.18926980363273121,0.0,1.0,0.0
burgers,1,0.03,64,combined,0.0,0.0,0.0,0.0,0.0,3.0057814845226534e-16,0.18926980363273121,0.0,1.0,0.0
burgers,2,0.036,2,inference_only,0.0,0.0,0.0,0.0,0.0,0.11790105452925181,0.18926980363273121,1.0,0.0,0.0
burgers,2,0.036,2,response_only,0.0,0.0,0.0,0.0,0.0,0.11790105452925181,0.18926980363273121,1.0,0.0,0.0
burgers,2,0.036,2,combined,0.0,0.0,0.0,0.0,0.0,0.11790105452925181,0.18926980363273121,1.0,0.0,0.0
burgers,2,0.036,4,inference_only,0.0,0.0,0.0,0.0,0.0,0.032309051680760356,0.18926980363273121,1.0,0.0,0.0
burgers,2,0.036,4,response_only,0.0,0.0,0.0,0.0,0.0,0.032309051680760356,0.18926980363273121,1.0,0.0,0.0
burgers,2,0.036,4,combined,0.0,0.0,0.0,0.0,0.0,0.032309051680760356,0.18926980363273121,1.0,0.0,0.0
burgers,2,0.036,8,inference_only,0.0,0.0,0.0,0.0,0.0,0.09295550370454082,0.18926980363273121,1.0,0.0,0.0
burgers,2,0.036,8,response_only,0.0,0.0,0.0,0.0,0.0,0.09295550370454082,0.18926980363273121,1.0,0.0,0.0
burgers,2,0.036,8,combined,0.0,0.0,0.0,0.0,0.0,0.09295550370454082,0.18926980363273121,1.0,0.0,0.0
burgers,2,0.036,16,inference_only,0.0,0.0,0.0,0.0,0.0,0.024938042599516166,0.18926980363273121,1.0,0.0,0.0
burgers,2,0.036,16,response_only,0.0,0.0,0.0,0.0,0.0,0.024938042599516166,0.18926980363273121,1.0,0.0,0.0
burgers,2,0.036,16,combined,0.0,0.0,0.0,0.0,0.0,0.024938042599516166,0.18926980363273121,1.0,0.0,0.0
burgers,2,0.036,32,inference_only,0.0,0.0,0.0,0.0,0.0,0.0002894241321469449,0.18926980363273121,1.0,0.0,0.0
burgers,2,0.036,32,response_only,0.0,0.0,0.0,0.0,0.0,0.0002894241321469449,0.18926980363273121,1.0,0.0,0.0
burgers,2,0.036,32,combined,0.0,0.0,0.0,0.0,0.0,0.0002894241321469449,0.18926980363273121,1.0,0.0,0.0
burgers,2,0.036,64,inference_only,0.0,0.0,0.0,0.0,0.0,8.354303052805885e-16,0.18926980363273121,1.0,0.0,0.0
burgers,2,0.036,64,response_only,0.0,0.0,0.0,0.0,0.0,8.354303052805885e-16,0.18926980363273121,1.0,0.0,0.0
burgers,2,0.036,64,combined,0.0,0.0,0.0,0.0,0.0,8.354303052805885e-16,0.18926980363273121,1.0,0.0,0.0
burgers,3,0.044,2,inference_only,0.0,0.0,0.0,0.0,0.0,0.2705583908171381,0.18926980363273121,1.0,0.0,0.0
burgers,3,0.044,2,response_only,0.0,0.0,0.0,0.0,0.0,0.2705583908171381,0.18926980363273121,1.0,0.0,0.0
burgers,3,0.044,2,combined,0.0,0.0,0.0,0.0,0.0,0.2705583908171381,0.18926980363273121,1.0,0.0,0.0
burgers,3,0.044,4,inference_only,0.0,0.0,0.0,0.0,0.0,0.022288323998894983,0.18926980363273121,1.0,0.0,0.0
burgers,3,0.044,4,response_only,0.0,0.0,0.0,0.0,0.0,0.022288323998894983,0.18926980363273121,1.0,0.0,0.0
burgers,3,0.044,4,combined,0.0,0.0,0.0,0.0,0.0,0.022288323998894983,0.18926980363273121,1.0,0.0,0.0
burgers,3,0.044,8,inference_only,0.0,0.0,0.0,0.0,0.0,0.05322142279532093,0.18926980363273121,1.0,0.0,0.0
burgers,3,0.044,8,response_only,0.0,0.0,0.0,0.0,0.0,0.05322142279532093,0.18926980363273121,1.0,0.0,0.0
burgers,3,0.044,8,combined,0.0,0.0,0.0,0.0,0.0,0.05322142279532093,0.18926980363273121,1.0,0.0,0.0
burgers,3,0.044,16,inference_only,0.0,0.0,0.0,0.0,0.0,0.15462199559579873,0.18926980363273121,1.0,0.0,0.0
burgers,3,0.044,16,response_only,0.0,0.0,0.0,0.0,0.0,0.15462199559579873,0.18926980363273121,1.0,0.0,0.0
burgers,3,0.044,16,combined,0.0,0.0,0.0,0.0,0.0,0.15462199559579873,0.18926980363273121,1.0,0.0,0.0
burgers,3,0.044,32,inference_only,0.0,0.0,0.0,0.0,0.0,0.00039583467651811195,0.18926980363273121,1.0,0.0,0.0
burgers,3,0.044,32,response_only,0.0,0.0,0.0,0.0,0.0,0.00039583467651811195,0.18926980363273121,1.0,0.0,0.0
burgers,3,0.044,32,combined,0.0,0.0,0.0,0.0,0.0,0.00039583467651811195,0.18926980363273121,1.0,0.0,0.0
burgers,3,0.044,64,inference_only,0.0,0.0,0.0,0.0,0.0,8.5573613003013595e-16,0.18926980363273121,1.0,0.0,0.0
burgers,3,0.044,64,response_only,0.0,0.0,0.0,0.0,0.0,8.5573613003013595e-16,0.18926980363273121,1.0,0.0,0.0
burgers,3,0.044,64,combined,0.0,0.0,0.0,0.0,0.0,8.5573613003013595e-16,0.18926980363273121,1.0,0.0,0.0
burgers,4,0.052,2,inference_only,0.43333333333333335,0.03333333333333333,0.4,0.007504954979329103,0.04258887888786528,0.45624993188624796,0.18926980363273121,0.0,0.5666666666666667,0.43333333333333335
burgers,4,0.052,2,response_only,1.0,1.0,0.0,0.3886110677916179,0.5557838877040486,0.45624993188624796,0.18926980363273121,0.0,0.5666666666666667,0.43333333333333335
burgers,4,0.052,2,combined,1.0,1.0,0.0,0.3886110677916179,0.5557838877040486,0.45624993188624796,0.18926980363273121,0.0,0.5666666666666667,0.43333333333333335
burgers,4,0.052,4,inference_only,0.36666666666666664,0.1,0.26666666666666666,0.005218868013891751,0.04258887888786528,0.150322354915283,0.18926980363273121,0.0,0.5666666666666667,0.43333333333333335
burgers,4,0.052,4,response_only,0.43333333333333335,0.43333333333333335,0.0,0.007540511020597263,0.06096052585381466,0.150322354915283,0.18926980363273121,0.0,0.5666666666666667,0.43333333333333335
burgers,4,0.052,4,combined,0.43333333333333335,0.43333333333333335,0.0,0.007540511020597263,0.06096052585381466,0.150322354915283,0.18926980363273121,0.0,0.5666666666666667,0.43333333333333335
burgers,4,0.052,8,inference_only,0.23333333333333334,0.13333333333333333,0.1,0.0013009558599746337,0.01326134510968091,0.04166349313742107,0.18926980363273121,0.0,0.5666666666666667,0.43333333333333335
burgers,4,0.052,8,response_only,0.3333333333333333,0.0,0.3333333333333333,0.003117184910512537,0.01755424143120541,0.04166349313742107,0.18926980363273121,0.0,0.5666666666666667,0.43333333333333335
burgers,4,0.052,8,combined,0.3333333333333333,0.03333333333333333,0.3,0.002867830881091757,0.01755424143120541,0.04166349313742107,0.18926980363273121,0.0,0.5666666666666667,0.43333333333333335
burgers,4,0.052,16,inference_only,0.03333333333333333,0.03333333333333333,0.0,0.0001647796004840813,0.00494338801452244,0.02127290039381558,0.18926980363273121,0.0,0.5666666666666667,0.43333333333333335
burgers,4,0.052,16,response_only,0.26666666666666666,0.26666666666666666,0.0,0.0010879835051866924,0.009089211544053285,0.02127290039381558,0.18926980363273121,0.0,0.5666666666666667,0.43333333333333335
burgers,4,0.052,16,combined,0.26666666666666666,0.26666666666666666,0.0,0.0010879835051866924,0.009089211544053285,0.02127290039381558,0.18926980363273121,0.0,0.5666666666666667,0.43333333333333335
burgers,4,0.052,32,inference_only,0.0,0.0,0.0,0.0,0.0,0.0007965780293031069,0.18926980363273121,0.0,0.5666666666666667,0.43333333333333335
burgers,4,0.052,32,response_only,0.0,0.0,0.0,0.0,0.0,0.0007965780293031069,0.18926980363273121,0.0,0.5666666666666667,0.43333333333333335
burgers,4,0.052,32,combined,0.0,0.0,0.0,0.0,0.0,0.0007965780293031069,0.18926980363273121,0.0,0.5666666666666667,0.43333333333333335
burgers,4,0.052,64,inference_only,0.0,0.0,0.0,0.0,0.0,7.825098271534025e-16,0.18926980363273121,0.0,0.5666666666666667,0.43333333333333335
burgers,4,0.052,64,response_only,0.0,0.0,0.0,0.0,0.0,7.825098271534025e-16,0.18926980363273121,0.0,0.5666666666666667,0.43333333333333335
burgers,4,0.052,64,combined,0.0,0.0,0.0,0.0,0.0,7.825098271534025e-16,0.18926980363273121,0.0,0.5666666666666667,0.43333333333333335
burgers,5,0.062,2,inference_only,0.7333333333333333,0.0,0.7333333333333333,0.008978689501711804,0.021266468355672637,0.5061832616749763,0.18926980363273121,0.0,0.7333333333333333,0.26666666666666666
burgers,5,0.062,2,response_only,1.0,1.0,0.0,0.3734360855441516,0.4188926528714421,0.5061832616749763,0.18926980363273121,0.0,0.7333333333333333,0.26666666666666666
burgers,5,0.062,2,combined,1.0,1.0,0.0,0.3734360855441516,0.4188926528714421,0.5061832616749763,0.18926980363273121,0.0,0.7333333333333333,0.26666666666666666
burgers,5,0.062,4,inference_only,0.4666666666666667,0.0,0.4666666666666667,0.005222592624113927,0.020416118177320645,0.050221022408098545,0.18926980363273121,0.0,0.7333333333333333,0.26666666666666666
burgers,5,0.062,4,response_only,0.26666666666666666,0.26666666666666666,0.0,0.002026830997788011,0.01574126890174499,0.050221022408098545,0.18926980363273121,0.0,0.7333333333333333,0.26666666666666666
burgers,5,0.062,4,combined,0.36666666666666664,0.2,0.16666666666666666,0.002564531803186411,0.018703899284683752,0.050221022408098545,0.18926980363273121,0.0,0.7333333333333333,0.26666666666666666
burgers,5,0.062,8,inference_only,0.3,0.06666666666666667,0.23333333333333334,0.0017822954542612394,0.014317044616616441,0.11455942137270782,0.18926980363273121,0.0,0.7333333333333333,0.26666666666666666
burgers,5,0.062,8,response_only,0.7333333333333333,0.0,0.7333333333333333,0.008978689501711804,0.021266468355672637,0.11455942137270782,0.18926980363273121,0.0,0.7333333333333333,0.26666666666666666
burgers,5,0.062,8,combined,0.7333333333333333,0.0,0.7333333333333333,0.008978689501711804,0.021266468355672637,0.11455942137270782,0.18926980363273121,0.0,0.7333333333333333,0.26666666666666666
burgers,5,0.062,16,inference_only,0.06666666666666667,0.06666666666666667,0.0,0.00017597015364784646,0.003725693326106921,0.024568234267770828,0.18926980363273121,0.0,0.7333333333333333,0.26666666666666666
burgers,5,0.062,16,response_only,0.7333333333333333,0.0,0.7333333333333333,0.008978689501711804,0.021266468355672637,0.024568234267770828,0.18926980363273121,0.0,0.7333333333333333,0.26666666666666666
burgers,5,0.062,16,combined,0.7333333333333333,0.0,0.7333333333333333,0.008978689501711804,0.021266468355672637,0.024568234267770828,0.18926980363273121,0.0,0.7333333333333333,0.26666666666666666
burgers,5,0.062,32,inference_only,0.0,0.0,0.0,0.0,0.0,0.0027842860514987505,0.18926980363273121,0.0,0.7333333333333333,0.26666666666666666
burgers,5,0.062,32,response_only,0.0,0.0,0.0,0.0,0.0,0.0027842860514987505,0.18926980363273121,0.0,0.7333333333333333,0.26666666666666666
burgers,5,0.062,32,combined,0.0,0.0,0.0,0.0,0.0,0.0027842860514987505,0.18926980363273121,0.0,0.7333333333333333,0.26666666666666666
burgers,5,0.062,64,inference_only,0.0,0.0,0.0,0.0,0.0,1.7575804982745563e-15,0.18926980363273121,0.0,0.7333333333333333,0.26666666666666666
burgers,5,0.062,64,response_only,0.0,0.0,0.0,0.0,0.0,1.7575804982745563e-15,0.18926980363273121,0.0,0.7333333333333333,0.26666666666666666
burgers,5,0.062,64,combined,0.0,0.0,0.0,0.0,0.0,1.7575804982745563e-15,0.18926980363273121,0.0,0.7333333333333333,0.26666666666666666
burgers,6,0.018,2,inference_only,0.0,0.0,0.0,0.0,0.0,0.8518138980898301,0.18926980363273121,0.0,0.0,1.0
burgers,6,0.018,2,response_only,1.0,1.0,0.0,1.5745101965918515,1.6847446862639919,0.8518138980898301,0.18926980363273121,0.0,0.0,1.0
burgers,6,0.018,2,combined,1.0,1.0,0.0,1.5745101965918515,1.6847446862639919,0.8518138980898301,0.18926980363273121,0.0,0.0,1.0
burgers,6,0.018,4,inference_only,0.0,0.0,0.0,0.0,0.0,0.6526301881047025,0.18926980363273121,0.0,0.0,1.0
burgers,6,0.018,4,response_only,1.0,1.0,0.0,1.5745101965918515,1.6847446862639919,0.6526301881047025,0.18926980363273121,0.0,0.0,1.0
burgers,6,0.018,4,combined,1.0,1.0,0.0,1.5745101965918515,1.6847446862639919,0.6526301881047025,0.18926980363273121,0.0,0.0,1.0
burgers,6,0.018,8,inference_only,0.0,0.0,0.0,0.0,0.0,0.2586606854353375,0.18926980363273121,0.0,0.0,1.0
burgers,6,0.018,8,response_only,0.36666666666666664,0.36666666666666664,0.0,0.1533522394593799,0.4599076195564014,0.2586606854353375,0.18926980363273121,0.0,0.0,1.0
burgers,6,0.018,8,combined,0.7333333333333333,0.7333333333333333,0.0,0.32955621657468365,0.5002710316068502,0.2586606854353375,0.18926980363273121,0.0,0.0,1.0
burgers,6,0.018,16,inference_only,0.0,0.0,0.0,0.0,0.0,0.07212116597123562,0.18926980363273121,0.0,0.0,1.0
burgers,6,0.018,16,response_only,0.0,0.0,0.0,0.0,0.0,0.07212116597123562,0.18926980363273121,0.0,0.0,1.0
burgers,6,0.018,16,combined,0.0,0.0,0.0,0.0,0.0,0.07212116597123562,0.18926980363273121,0.0,0.0,1.0
burgers,6,0.018,32,inference_only,0.0,0.0,0.0,0.0,0.0,0.001063354486482773,0.18926980363273121,0.0,0.0,1.0
burgers,6,0.018,32,response_only,0.0,0.0,0.0,0.0,0.0,0.001063354486482773,0.18926980363273121,0.0,0.0,1.0
burgers,6,0.018,32,combined,0.0,0.0,0.0,0.0,0.0,0.001063354486482773,0.18926980363273121,0.0,0.0,1.0
burgers,6,0.018,64,inference_only,0.0,0.0,0.0,0.0,0.0,6.68159115892479e-16,0.18926980363273121,0.0,0.0,1.0
burgers,6,0.018,64,response_only,0.0,0.0,0.0,0.0,0.0,6.68159115892479e-16,0.18926980363273121,0.0,0.0,1.0
burgers,6,0.018,64,combined,0.0,0.0,0.0,0.0,0.0,6.68159115892479e-16,0.18926980363273121,0.0,0.0,1.0
burgers,7,0.024,2,inference_only,0.0,0.0,0.0,0.0,0.0,0.3016987428939418,0.18926980363273121,0.0,0.0,1.0
burgers,7,0.024,2,response_only,1.0,1.0,0.0,0.4194835895370888,0.50096910951871,0.3016987428939418,0.18926980363273121,0.0,0.0,1.0
burgers,7,0.024,2,combined,1.0,1.0,0.0,0.4194835895370888,0.50096910951871,0.3016987428939418,0.18926980363273121,0.0,0.0,1.0
burgers,7,0.024,4,inference_only,0.0,0.0,0.0,0.0,0.0,0.3231195347434094,0.18926980363273121,0.0,0.0,1.0
burgers,7,0.024,4,response_only,1.0,1.0,0.0,0.4194835895370888,0.50096910951871,0.3231195347434094,0.18926980363273121,0.0,0.0,1.0
burgers,7,0.024,4,combined,1.0,1.0,0.0,0.4194835895370888,0.50096910951871,0.3231195347434094,0.18926980363273121,0.0,0.0,1.0
burgers,7,0.024,8,inference_only,0.0,0.0,0.0,0.0,0.0,0.22040997713883384,0.18926980363273121,0.0,0.0,1.0
burgers,7,0.024,8,response_only,0.2,0.2,0.0,0.0698991008433303,0.37414215213429663,0.22040997713883384,0.18926980363273121,0.0,0.0,1.0
burgers,7,0.024,8,combined,0.5333333333333333,0.5333333333333333,0.0,0.20934332539174816,0.4485266664707481,0.22040997713883384,0.18926980363273121,0.0,0.0,1.0
burgers,7,0.024,16,inference_only,0.0,0.0,0.0,0.0,0.0,0.061703767877815216,0.18926980363273121,0.0,0.0,1.0
burgers,7,0.024,16,response_only,0.0,0.0,0.0,0.0,0.0,0.061703767877815216,0.18926980363273121,0.0,0.0,1.0
burgers,7,0.024,16,combined,0.0,0.0,0.0,0.0,0.0,0.061703767877815216,0.18926980363273121,0.0,0.0,1.0
burgers,7,0.024,32,inference_only,0.0,0.0,0.0,0.0,0.0,0.0008199454136841118,0.18926980363273121,0.0,0.0,1.0
burgers,7,0.024,32,response_only,0.0,0.0,0.0,0.0,0.0,0.0008199454136841118,0.18926980363273121,0.0,0.0,1.0
burgers,7,0.024,32,combined,0.0,0.0,0.0,0.0,0.0,0.0008199454136841118,0.18926980363273121,0.0,0.0,1.0
burgers,7,0.024,64,inference_only,0.0,0.0,0.0,0.0,0.0,7.156384596501495e-16,0.18926980363273121,0.0,0.0,1.0
burgers,7,0.024,64,response_only,0.0,0.0,0.0,0.0,0.0,7.156384596501495e-16,0.18926980363273121,0.0,0.0,1.0
burgers,7,0.024,64,combined,0.0,0.0,0.0,0.0,0.0,7.156384596501495e-16,0.18926980363273121,0.0,0.0,1.0
burgers,8,0.03,2,inference_only,0.0,0.0,0.0,0.0,0.0,0.8293002955738982,0.18926980363273121,0.0,0.0,1.0
burgers,8,0.03,2,response_only,1.0,1.0,0.0,4.727692969109629,4.917666405108972,0.8293002955738982,0.18926980363273121,0.0,0.0,1.0
burgers,8,0.03,2,combined,1.0,1.0,0.0,4.727692969109629,4.917666405108972,0.8293002955738982,0.18926980363273121,0.0,0.0,1.0
burgers,8,0.03,4,inference_only,0.0,0.0,0.0,0.0,0.0,0.04030814284902046,0.18926980363273121,0.0,0.0,1.0
burgers,8,0.03,4,response_only,0.0,0.0,0.0,0.0,0.0,0.04030814284902046,0.18926980363273121,0.0,0.0,1.0
burgers,8,0.03,4,combined,0.0,0.0,0.0,0.0,0.0,0.04030814284902046,0.18926980363273121,0.0,0.0,1.0
burgers,8,0.03,8,inference_only,0.0,0.0,0.0,0.0,0.0,0.3341894022048664,0.18926980363273121,0.0,0.0,1.0
burgers,8,0.03,8,response_only,0.0,0.0,0.0,0.0,0.0,0.3341894022048664,0.18926980363273121,0.0,0.0,1.0
burgers,8,0.03,8,combined,0.0,0.0,0.0,0.0,0.0,0.3341894022048664,0.18926980363273121,0.0,0.0,1.0
burgers,8,0.03,16,inference_only,0.0,0.0,0.0,0.0,0.0,0.062192024746847985,0.18926980363273121,0.0,0.0,1.0
burgers,8,0.03,16,response_only,0.0,0.0,0.0,0.0,0.0,0.062192024746847985,0.18926980363273121,0.0,0.0,1.0
burgers,8,0.03,16,combined,0.0,0.0,0.0,0.0,0.0,0.062192024746847985,0.18926980363273121,0.0,0.0,1.0
burgers,8,0.03,32,inference_only,0.0,0.0,0.0,0.0,0.0,0.00015088785711556585,0.18926980363273121,0.0,0.0,1.0
burgers,8,0.03,32,response_only,0.0,0.0,0.0,0.0,0.0,0.00015088785711556585,0.18926980363273121,0.0,0.0,1.0
burgers,8,0.03,32,combined,0.0,0.0,0.0,0.0,0.0,0.00015088785711556585,0.18926980363273121,0.0,0.0,1.0
burgers,8,0.03,64,inference_only,0.0,0.0,0.0,0.0,0.0,8.707718809394351e-16,0.18926980363273121,0.0,0.0,1.0
burgers,8,0.03,64,response_only,0.0,0.0,0.0,0.0,0.0,8.707718809394351e-16,0.18926980363273121,0.0,0.0,1.0
burgers,8,0.03,64,combined,0.0,0.0,0.0,0.0,0.0,8.707718809394351e-16,0.18926980363273121,0.0,0.0,1.0
burgers,9,0.036,2,inference_only,0.0,0.0,0.0,0.0,0.0,0.7185835329889229,0.18926980363273121,1.0,0.0,0.0
burgers,9,0.036,2,response_only,0.0,0.0,0.0,0.0,0.0,0.7185835329889229,0.18926980363273121,1.0,0.0,0.0
burgers,9,0.036,2,combined,0.0,0.0,0.0,0.0,0.0,0.7185835329889229,0.18926980363273121,1.0,0.0,0.0
burgers,9,0.036,4,inference_only,0.0,0.0,0.0,0.0,0.0,0.23927610121225049,0.18926980363273121,1.0,0.0,0.0
burgers,9,0.036,4,response_only,0.13333333333333333,0.0,0.13333333333333333,0.010398901611788056,0.07847016722273255,0.23927610121225049,0.18926980363273121,1.0,0.0,0.0
burgers,9,0.036,4,combined,0.03333333333333333,0.0,0.03333333333333333,0.0026017324931884257,0.07805197479565278,0.23927610121225049,0.18926980363273121,1.0,0.0,0.0
burgers,9,0.036,8,inference_only,0.0,0.0,0.0,0.0,0.0,0.37700664500673753,0.18926980363273121,1.0,0.0,0.0
burgers,9,0.036,8,response_only,0.9666666666666667,0.0,0.9666666666666667,0.07676720692550335,0.07997633066960382,0.37700664500673753,0.18926980363273121,1.0,0.0,0.0
burgers,9,0.036,8,combined,0.8666666666666667,0.0,0.8666666666666667,0.06877518642423447,0.07999575922364276,0.37700664500673753,0.18926980363273121,1.0,0.0,0.0
burgers,9,0.036,16,inference_only,0.0,0.0,0.0,0.0,0.0,0.1385251015846971,0.18926980363273121,1.0,0.0,0.0
burgers,9,0.036,16,response_only,0.0,0.0,0.0,0.0,0.0,0.1385251015846971,0.18926980363273121,1.0,0.0,0.0
burgers,9,0.036,16,combined,0.0,0.0,0.0,0.0,0.0,0.1385251015846971,0.18926980363273121,1.0,0.0,0.0
burgers,9,0.036,32,inference_only,0.0,0.0,0.0,0.0,0.0,0.0025129126893684867,0.18926980363273121,1.0,0.0,0.0
burgers,9,0.036,32,response_only,0.0,0.0,0.0,0.0,0.0,0.0025129126893684867,0.18926980363273121,1.0,0.0,0.0
burgers,9,0.036,32,combined,0.0,0.0,0.0,0.0,0.0,0.0025129126893684867,0.18926980363273121,1.0,0.0,0.0
burgers,9,0.036,64,inference_only,0.0,0.0,0.0,0.0,0.0,1.324877346363926e-15,0.18926980363273121,1.0,0.0,0.0
burgers,9,0.036,64,response_only,0.0,0.0,0.0,0.0,0.0,1.324877346363926e-15,0.18926980363273121,1.0,0.0,0.0
burgers,9,0.036,64,combined,0.0,0.0,0.0,0.0,0.0,1.324877346363926e-15,0.18926980363273121,1.0,0.0,0.0
damped_wave,0,0.08,2,inference_only,0.2,0.13333333333333333,0.06666666666666667,0.0005785364519696782,0.005071347866419678,0.7263954202000599,0.18472911926109797,0.7,0.3,0.0
damped_wave,0,0.08,2,response_only,0.3,0.3,0.0,0.0008506879523432414,0.004755763686339006,0.7263954202000599,0.18472911926109797,0.7,0.3,0.0
damped_wave,0,0.08,2,combined,0.3,0.3,0.0,0.0008506879523432414,0.004755763686339006,0.7263954202000599,0.18472911926109797,0.7,0.3,0.0
damped_wave,0,0.08,4,inference_only,0.16666666666666666,0.1,0.06666666666666667,0.00037808958922364103,0.0038137056703775696,0.25477260048682654,0.18472911926109797,0.7,0.3,0.0
damped_wave,0,0.08,4,response_only,0.3,0.3,0.0,0.0008506879523432414,0.004755763686339006,0.25477260048682654,0.18472911926109797,0.7,0.3,0.0
damped_wave,0,0.08,4,combined,0.3,0.3,0.0,0.0008506879523432414,0.004755763686339006,0.25477260048682654,0.18472911926109797,0.7,0.3,0.0
damped_wave,0,0.08,8,inference_only,0.13333333333333333,0.06666666666666667,0.06666666666666667,0.00022703490844909913,0.0027251377632497658,0.8648946292166342,0.18472911926109797,0.7,0.3,0.0
damped_wave,0,0.08,8,response_only,0.3,0.3,0.0,0.0008506879523432414,0.004755763686339006,0.8648946292166342,0.18472911926109797,0.7,0.3,0.0
damped_wave,0,0.08,8,combined,0.3,0.3,0.0,0.0008506879523432414,0.004755763686339006,0.8648946292166342,0.18472911926109797,0.7,0.3,0.0
damped_wave,0,0.08,16,inference_only,0.16666666666666666,0.06666666666666667,0.1,0.00025212645013901274,0.0027251377632497658,0.7825228831474117,0.18472911926109797,0.7,0.3,0.0
damped_wave,0,0.08,16,response_only,0.3,0.3,0.0,0.0008506879523432414,0.004755763686339006,0.7825228831474117,0.18472911926109797,0.7,0.3,0.0
damped_wave,0,0.08,16,combined,0.3,0.3,0.0,0.0008506879523432414,0.004755763686339006,0.7825228831474117,0.18472911926109797,0.7,0.3,0.0
damped_wave,0,0.08,32,inference_only,0.0,0.0,0.0,0.0,0.0,9.228687528292009e-16,0.18472911926109797,0.7,0.3,0.0
damped_wave,0,0.08,32,response_only,0.0,0.0,0.0,0.0,0.0,9.228687528292009e-16,0.18472911926109797,0.7,0.3,0.0
damped_wave,0,0.08,32,combined,0.0,0.0,0.0,0.0,0.0,9.228687528292009e-16,0.18472911926109797,0.7,0.3,0.0
damped_wave,0,0.08,64,inference_only,0.0,0.0,0.0,0.0,0.0,8.760001384314478e-16,0.18472911926109797,0.7,0.3,0.0
damped_wave,0,0.08,64,response_only,0.0,0.0,0.0,0.0,0.0,8.760001384314478e-16,0.18472911926109797,0.7,0.3,0.0
damped_wave,0,0.08,64,combined,0.0,0.0,0.0,0.0,0.0,8.760001384314478e-16,0.18472911926109797,0.7,0.3,0.0
damped_wave,1,0.12,2,inference_only,0.0,0.0,0.0,0.0,0.0,3.3184714873577357,0.18472911926109797,1.0,0.0,0.0
damped_wave,1,0.12,2,response_only,1.0,0.0,1.0,0.035666666666666666,0.08000000000000002,3.3184714873577357,0.18472911926109797,1.0,0.0,0.0
damped_wave,1,0.12,2,combined,1.0,0.0,1.0,0.038,0.08000000000000002,3.3184714873577357,0.18472911926109797,1.0,0.0,0.0
damped_wave,1,0.12,4,inference_only,0.0,0.0,0.0,0.0,0.0,2.0801515121663114,0.18472911926109797,1.0,0.0,0.0
damped_wave,1,0.12,4,response_only,0.0,0.0,0.0,0.0,0.0,2.0801515121663114,0.18472911926109797,1.0,0.0,0.0
damped_wave,1,0.12,4,combined,0.0,0.0,0.0,0.0,0.0,2.0801515121663114,0.18472911926109797,1.0,0.0,0.0
damped_wave,1,0.12,8,inference_only,0.0,0.0,0.0,0.0,0.0,1.0265642912590545,0.18472911926109797,1.0,0.0,0.0
damped_wave,1,0.12,8,response_only,0.0,0.0,0.0,0.0,0.0,1.0265642912590545,0.18472911926109797,1.0,0.0,0.0
damped_wave,1,0.12,8,combined,0.0,0.0,0.0,0.0,0.0,1.0265642912590545,0.18472911926109797,1.0,0.0,0.0
damped_wave,1,0.12,16,inference_only,0.0,0.0,0.0,0.0,0.0,0.3052440230644508,0.18472911926109797,1.0,0.0,0.0
damped_wave,1,0.12,16,response_only,0.0,0.0,0.0,0.0,0.0,0.3052440230644508,0.18472911926109797,1.0,0.0,0.0
damped_wave,1,0.12,16,combined,0.0,0.0,0.0,0.0,0.0,0.3052440230644508,0.18472911926109797,1.0,0.0,0.0
damped_wave,1,0.12,32,inference_only,0.0,0.0,0.0,0.0,0.0,1.9942201967478727e-15,0.18472911926109797,1.0,0.0,0.0
damped_wave,1,0.12,32,response_only,0.0,0.0,0.0,0.0,0.0,1.9942201967478727e-15,0.18472911926109797,1.0,0.0,0.0
damped_wave,1,0.12,32,combined,0.0,0.0,0.0,0.0,0.0,1.9942201967478727e-15,0.18472911926109797,1.0,0.0,0.0
damped_wave,1,0.12,64,inference_only,0.0,0.0,0.0,0.0,0.0,1.8824499710331834e-15,0.18472911926109797,1.0,0.0,0.0
damped_wave,1,0.12,64,response_only,0.0,0.0,0.0,0.0,0.0,1.8824499710331834e-15,0.18472911926109797,1.0,0.0,0.0
damped_wave,1,0.12,64,combined,0.0,0.0,0.0,0.0,0.0,1.8824499710331834e-15,0.18472911926109797,1.0,0.0,0.0
damped_wave,2,0.17,2,inference_only,0.0,0.0,0.0,0.0,0.0,0.3351175768172345,0.18472911926109797,1.0,0.0,0.0
damped_wave,2,0.17,2,response_only,0.0,0.0,0.0,0.0,0.0,0.3351175768172345,0.18472911926109797,1.0,0.0,0.0
damped_wave,2,0.17,2,combined,0.0,0.0,0.0,0.0,0.0,0.3351175768172345,0.18472911926109797,1.0,0.0,0.0
damped_wave,2,0.17,4,inference_only,0.0,0.0,0.0,0.0,0.0,0.8933391495642828,0.18472911926109797,1.0,0.0,0.0
damped_wave,2,0.17,4,response_only,0.0,0.0,0.0,0.0,0.0,0.8933391495642828,0.18472911926109797,1.0,0.0,0.0
damped_wave,2,0.17,4,combined,0.0,0.0,0.0,0.0,0.0,0.8933391495642828,0.18472911926109797,1.0,0.0,0.0
damped_wave,2,0.17,8,inference_only,0.0,0.0,0.0,0.0,0.0,0.8647153300726154,0.18472911926109797,1.0,0.0,0.0
damped_wave,2,0.17,8,response_only,0.0,0.0,0.0,0.0,0.0,0.8647153300726154,0.18472911926109797,1.0,0.0,0.0
damped_wave,2,0.17,8,combined,0.0,0.0,0.0,0.0,0.0,0.8647153300726154,0.18472911926109797,1.0,0.0,0.0
damped_wave,2,0.17,16,inference_only,0.0,0.0,0.0,0.0,0.0,0.7180003310609218,0.18472911926109797,1.0,0.0,0.0
damped_wave,2,0.17,16,response_only,1.0,0.0,1.0,0.010000000000000002,0.010000000000000004,0.7180003310609218,0.18472911926109797,1.0,0.0,0.0
damped_wave,2,0.17,16,combined,1.0,0.0,1.0,0.012333333333333335,0.08,0.7180003310609218,0.18472911926109797,1.0,0.0,0.0
damped_wave,2,0.17,32,inference_only,0.0,0.0,0.0,0.0,0.0,6.596183368385208e-16,0.18472911926109797,1.0,0.0,0.0
damped_wave,2,0.17,32,response_only,0.0,0.0,0.0,0.0,0.0,6.596183368385208e-16,0.18472911926109797,1.0,0.0,0.0
damped_wave,2,0.17,32,combined,0.0,0.0,0.0,0.0,0.0,6.596183368385208e-16,0.18472911926109797,1.0,0.0,0.0
damped_wave,2,0.17,64,inference_only,0.0,0.0,0.0,0.0,0.0,6.399587301391147e-16,0.18472911926109797,1.0,0.0,0.0
damped_wave,2,0.17,64,response_only,0.0,0.0,0.0,0.0,0.0,6.399587301391147e-16,0.18472911926109797,1.0,0.0,0.0
damped_wave,2,0.17,64,combined,0.0,0.0,0.0,0.0,0.0,6.399587301391147e-16,0.18472911926109797,1.0,0.0,0.0
damped_wave,3,0.23,2,inference_only,0.0,0.0,0.0,0.0,0.0,0.49516814962203315,0.18472911926109797,1.0,0.0,0.0
damped_wave,3,0.23,2,response_only,0.0,0.0,0.0,0.0,0.0,0.49516814962203315,0.18472911926109797,1.0,0.0,0.0
damped_wave,3,0.23,2,combined,0.0,0.0,0.0,0.0,0.0,0.49516814962203315,0.18472911926109797,1.0,0.0,0.0
damped_wave,3,0.23,4,inference_only,0.0,0.0,0.0,0.0,0.0,0.5215046570190608,0.18472911926109797,1.0,0.0,0.0
damped_wave,3,0.23,4,response_only,0.0,0.0,0.0,0.0,0.0,0.5215046570190608,0.18472911926109797,1.0,0.0,0.0
damped_wave,3,0.23,4,combined,0.0,0.0,0.0,0.0,0.0,0.5215046570190608,0.18472911926109797,1.0,0.0,0.0
damped_wave,3,0.23,8,inference_only,0.0,0.0,0.0,0.0,0.0,0.5533827971210589,0.18472911926109797,1.0,0.0,0.0
damped_wave,3,0.23,8,response_only,0.0,0.0,0.0,0.0,0.0,0.5533827971210589,0.18472911926109797,1.0,0.0,0.0
damped_wave,3,0.23,8,combined,0.0,0.0,0.0,0.0,0.0,0.5533827971210589,0.18472911926109797,1.0,0.0,0.0
damped_wave,3,0.23,16,inference_only,0.0,0.0,0.0,0.0,0.0,0.8615516107850238,0.18472911926109797,1.0,0.0,0.0
damped_wave,3,0.23,16,response_only,0.0,0.0,0.0,0.0,0.0,0.8615516107850238,0.18472911926109797,1.0,0.0,0.0
damped_wave,3,0.23,16,combined,0.0,0.0,0.0,0.0,0.0,0.8615516107850238,0.18472911926109797,1.0,0.0,0.0
damped_wave,3,0.23,32,inference_only,0.0,0.0,0.0,0.0,0.0,5.667487634448175e-15,0.18472911926109797,1.0,0.0,0.0
damped_wave,3,0.23,32,response_only,0.0,0.0,0.0,0.0,0.0,5.667487634448175e-15,0.18472911926109797,1.0,0.0,0.0
damped_wave,3,0.23,32,combined,0.0,0.0,0.0,0.0,0.0,5.667487634448175e-15,0.18472911926109797,1.0,0.0,0.0
damped_wave,3,0.23,64,inference_only,0.0,0.0,0.0,0.0,0.0,5.3156846989610106e-15,0.18472911926109797,1.0,0.0,0.0
damped_wave,3,0.23,64,response_only,0.0,0.0,0.0,0.0,0.0,5.3156846989610106e-15,0.18472911926109797,1.0,0.0,0.0
damped_wave,3,0.23,64,combined,0.0,0.0,0.0,0.0,0.0,5.3156846989610106e-15,0.18472911926109797,1.0,0.0,0.0
damped_wave,4,0.3,2,inference_only,0.5333333333333333,0.0,0.5333333333333333,0.00240457578207431,0.0095757581821578,0.8370809827308847,0.18472911926109797,0.6666666666666666,0.3333333333333333,0.0
damped_wave,4,0.3,2,response_only,0.3333333333333333,0.3333333333333333,0.0,0.001992413524115848,0.013450723433447099,0.8370809827308847,0.18472911926109797,0.6666666666666666,0.3333333333333333,0.0
damped_wave,4,0.3,2,combined,0.3333333333333333,0.3333333333333333,0.0,0.001992413524115848,0.013450723433447099,0.8370809827308847,0.18472911926109797,0.6666666666666666,0.3333333333333333,0.0
damped_wave,4,0.3,4,inference_only,0.3333333333333333,0.06666666666666667,0.26666666666666666,0.0013511410313657682,0.006561383735868211,0.48464266741673095,0.18472911926109797,0.6666666666666666,0.3333333333333333,0.0
damped_wave,4,0.3,4,response_only,0.3333333333333333,0.3333333333333333,0.0,0.001992413524115848,0.013450723433447099,0.48464266741673095,0.18472911926109797,0.6666666666666666,0.3333333333333333,0.0
damped_wave,4,0.3,4,combined,0.3333333333333333,0.3333333333333333,0.0,0.001992413524115848,0.013450723433447099,0.48464266741673095,0.18472911926109797,0.6666666666666666,0.3333333333333333,0.0
damped_wave,4,0.3,8,inference_only,0.13333333333333333,0.03333333333333333,0.1,0.00036222834758474845,0.004640810723790937,0.7208488319545806,0.18472911926109797,0.6666666666666666,0.3333333333333333,0.0
damped_wave,4,0.3,8,response_only,1.0,0.0,1.0,0.07290915373519463,0.07968761319078849,0.7208488319545806,0.18472911926109797,0.6666666666666666,0.3333333333333333,0.0
damped_wave,4,0.3,8,combined,1.0,0.0,1.0,0.07290915373519463,0.07968761319078849,0.7208488319545806,0.18472911926109797,0.6666666666666666,0.3333333333333333,0.0
damped_wave,4,0.3,16,inference_only,0.16666666666666666,0.06666666666666667,0.1,0.0002641664445422473,0.004640810723790937,0.33231524724493355,0.18472911926109797,0.6666666666666666,0.3333333333333333,0.0
damped_wave,4,0.3,16,response_only,0.3333333333333333,0.3333333333333333,0.0,0.001992413524115848,0.013450723433447099,0.33231524724493355,0.18472911926109797,0.6666666666666666,0.3333333333333333,0.0
damped_wave,4,0.3,16,combined,0.3333333333333333,0.3333333333333333,0.0,0.001992413524115848,0.013450723433447099,0.33231524724493355,0.18472911926109797,0.6666666666666666,0.3333333333333333,0.0
damped_wave,4,0.3,32,inference_only,0.0,0.0,0.0,0.0,0.0,3.808259744336062e-15,0.18472911926109797,0.6666666666666666,0.3333333333333333,0.0
damped_wave,4,0.3,32,response_only,0.0,0.0,0.0,0.0,0.0,3.808259744336062e-15,0.18472911926109797,0.6666666666666666,0.3333333333333333,0.0
damped_wave,4,0.3,32,combined,0.0,0.0,0.0,0.0,0.0,3.808259744336062e-15,0.18472911926109797,0.6666666666666666,0.3333333333333333,0.0
damped_wave,4,0.3,64,inference_only,0.0,0.0,0.0,0.0,0.0,3.772707433420909e-15,0.18472911926109797,0.6666666666666666,0.3333333333333333,0.0
damped_wave,4,0.3,64,response_only,0.0,0.0,0.0,0.0,0.0,3.772707433420909e-15,0.18472911926109797,0.6666666666666666,0.3333333333333333,0.0
damped_wave,4,0.3,64,combined,0.0,0.0,0.0,0.0,0.0,3.772707433420909e-15,0.18472911926109797,0.6666666666666666,0.3333333333333333,0.0
damped_wave,5,0.38,2,inference_only,0.0,0.0,0.0,0.0,0.0,1.8027139263559657,0.18472911926109797,1.0,0.0,0.0
damped_wave,5,0.38,2,response_only,1.0,0.0,1.0,0.010000000000000002,0.010000000000000002,1.8027139263559657,0.18472911926109797,1.0,0.0,0.0
damped_wave,5,0.38,2,combined,1.0,0.0,1.0,0.010000000000000002,0.010000000000000002,1.8027139263559657,0.18472911926109797,1.0,0.0,0.0
damped_wave,5,0.38,4,inference_only,0.0,0.0,0.0,0.0,0.0,1.1324246339571344,0.18472911926109797,1.0,0.0,0.0
damped_wave,5,0.38,4,response_only,0.0,0.0,0.0,0.0,0.0,1.1324246339571344,0.18472911926109797,1.0,0.0,0.0
damped_wave,5,0.38,4,combined,0.06666666666666667,0.0,0.06666666666666667,0.0006666666666666668,0.010000000000000002,1.1324246339571344,0.18472911926109797,1.0,0.0,0.0
damped_wave,5,0.38,8,inference_only,0.0,0.0,0.0,0.0,0.0,0.07837020723226945,0.18472911926109797,1.0,0.0,0.0
damped_wave,5,0.38,8,response_only,0.0,0.0,0.0,0.0,0.0,0.07837020723226945,0.18472911926109797,1.0,0.0,0.0
damped_wave,5,0.38,8,combined,0.0,0.0,0.0,0.0,0.0,0.07837020723226945,0.18472911926109797,1.0,0.0,0.0
damped_wave,5,0.38,16,inference_only,0.0,0.0,0.0,0.0,0.0,0.3553359177640993,0.18472911926109797,1.0,0.0,0.0
damped_wave,5,0.38,16,response_only,0.0,0.0,0.0,0.0,0.0,0.3553359177640993,0.18472911926109797,1.0,0.0,0.0
damped_wave,5,0.38,16,combined,0.0,0.0,0.0,0.0,0.0,0.3553359177640993,0.18472911926109797,1.0,0.0,0.0
damped_wave,5,0.38,32,inference_only,0.0,0.0,0.0,0.0,0.0,3.1872378977316767e-15,0.18472911926109797,1.0,0.0,0.0
damped_wave,5,0.38,32,response_only,0.0,0.0,0.0,0.0,0.0,3.1872378977316767e-15,0.18472911926109797,1.0,0.0,0.0
damped_wave,5,0.38,32,combined,0.0,0.0,0.0,0.0,0.0,3.1872378977316767e-15,0.18472911926109797,1.0,0.0,0.0
damped_wave,5,0.38,64,inference_only,0.0,0.0,0.0,0.0,0.0,2.975615358588726e-15,0.18472911926109797,1.0,0.0,0.0
damped_wave,5,0.38,64,response_only,0.0,0.0,0.0,0.0,0.0,2.975615358588726e-15,0.18472911926109797,1.0,0.0,0.0
damped_wave,5,0.38,64,combined,0.0,0.0,0.0,0.0,0.0,2.975615358588726e-15,0.18472911926109797,1.0,0.0,0.0
damped_wave,6,0.04,2,inference_only,0.0,0.0,0.0,0.0,0.0,2.226639797337314,0.18472911926109797,1.0,0.0,0.0
damped_wave,6,0.04,2,response_only,1.0,0.0,1.0,0.08000000000000002,0.08000000000000002,2.226639797337314,0.18472911926109797,1.0,0.0,0.0
damped_wave,6,0.04,2,combined,1.0,0.0,1.0,0.08000000000000002,0.08000000000000002,2.226639797337314,0.18472911926109797,1.0,0.0,0.0
damped_wave,6,0.04,4,inference_only,0.0,0.0,0.0,0.0,0.0,0.40590884757884493,0.18472911926109797,1.0,0.0,0.0
damped_wave,6,0.04,4,response_only,0.0,0.0,0.0,0.0,0.0,0.40590884757884493,0.18472911926109797,1.0,0.0,0.0
damped_wave,6,0.04,4,combined,0.0,0.0,0.0,0.0,0.0,0.40590884757884493,0.18472911926109797,1.0,0.0,0.0
damped_wave,6,0.04,8,inference_only,0.0,0.0,0.0,0.0,0.0,0.7601793640864237,0.18472911926109797,1.0,0.0,0.0
damped_wave,6,0.04,8,response_only,0.0,0.0,0.0,0.0,0.0,0.7601793640864237,0.18472911926109797,1.0,0.0,0.0
damped_wave,6,0.04,8,combined,0.0,0.0,0.0,0.0,0.0,0.7601793640864237,0.18472911926109797,1.0,0.0,0.0
damped_wave,6,0.04,16,inference_only,0.0,0.0,0.0,0.0,0.0,0.40307564232807863,0.18472911926109797,1.0,0.0,0.0
damped_wave,6,0.04,16,response_only,0.0,0.0,0.0,0.0,0.0,0.40307564232807863,0.18472911926109797,1.0,0.0,0.0
damped_wave,6,0.04,16,combined,0.0,0.0,0.0,0.0,0.0,0.40307564232807863,0.18472911926109797,1.0,0.0,0.0
damped_wave,6,0.04,32,inference_only,0.0,0.0,0.0,0.0,0.0,1.6048961611029224e-15,0.18472911926109797,1.0,0.0,0.0
damped_wave,6,0.04,32,response_only,0.0,0.0,0.0,0.0,0.0,1.6048961611029224e-15,0.18472911926109797,1.0,0.0,0.0
damped_wave,6,0.04,32,combined,0.0,0.0,0.0,0.0,0.0,1.6048961611029224e-15,0.18472911926109797,1.0,0.0,0.0
damped_wave,6,0.04,64,inference_only,0.0,0.0,0.0,0.0,0.0,1.524667543474765e-15,0.18472911926109797,1.0,0.0,0.0
damped_wave,6,0.04,64,response_only,0.0,0.0,0.0,0.0,0.0,1.524667543474765e-15,0.18472911926109797,1.0,0.0,0.0
damped_wave,6,0.04,64,combined,0.0,0.0,0.0,0.0,0.0,1.524667543474765e-15,0.18472911926109797,1.0,0.0,0.0
damped_wave,7,0.08,2,inference_only,0.0,0.0,0.0,0.0,0.0,0.6981461746586081,0.18472911926109797,1.0,0.0,0.0
damped_wave,7,0.08,2,response_only,0.0,0.0,0.0,0.0,0.0,0.6981461746586081,0.18472911926109797,1.0,0.0,0.0
damped_wave,7,0.08,2,combined,0.0,0.0,0.0,0.0,0.0,0.6981461746586081,0.18472911926109797,1.0,0.0,0.0
damped_wave,7,0.08,4,inference_only,0.0,0.0,0.0,0.0,0.0,1.509820922120588,0.18472911926109797,1.0,0.0,0.0
damped_wave,7,0.08,4,response_only,0.9,0.0,0.9,0.009000000000000003,0.010000000000000002,1.509820922120588,0.18472911926109797,1.0,0.0,0.0
damped_wave,7,0.08,4,combined,0.8333333333333334,0.0,0.8333333333333334,0.008333333333333335,0.010000000000000002,1.509820922120588,0.18472911926109797,1.0,0.0,0.0
damped_wave,7,0.08,8,inference_only,0.0,0.0,0.0,0.0,0.0,0.8915808492504007,0.18472911926109797,1.0,0.0,0.0
damped_wave,7,0.08,8,response_only,0.0,0.0,0.0,0.0,0.0,0.8915808492504007,0.18472911926109797,1.0,0.0,0.0
damped_wave,7,0.08,8,combined,0.0,0.0,0.0,0.0,0.0,0.8915808492504007,0.18472911926109797,1.0,0.0,0.0
damped_wave,7,0.08,16,inference_only,0.0,0.0,0.0,0.0,0.0,0.4947957948354692,0.18472911926109797,1.0,0.0,0.0
damped_wave,7,0.08,16,response_only,0.0,0.0,0.0,0.0,0.0,0.4947957948354692,0.18472911926109797,1.0,0.0,0.0
damped_wave,7,0.08,16,combined,0.0,0.0,0.0,0.0,0.0,0.4947957948354692,0.18472911926109797,1.0,0.0,0.0
damped_wave,7,0.08,32,inference_only,0.0,0.0,0.0,0.0,0.0,2.3899519881087803e-15,0.18472911926109797,1.0,0.0,0.0
damped_wave,7,0.08,32,response_only,0.0,0.0,0.0,0.0,0.0,2.3899519881087803e-15,0.18472911926109797,1.0,0.0,0.0
damped_wave,7,0.08,32,combined,0.0,0.0,0.0,0.0,0.0,2.3899519881087803e-15,0.18472911926109797,1.0,0.0,0.0
damped_wave,7,0.08,64,inference_only,0.0,0.0,0.0,0.0,0.0,2.1134708285676497e-15,0.18472911926109797,1.0,0.0,0.0
damped_wave,7,0.08,64,response_only,0.0,0.0,0.0,0.0,0.0,2.1134708285676497e-15,0.18472911926109797,1.0,0.0,0.0
damped_wave,7,0.08,64,combined,0.0,0.0,0.0,0.0,0.0,2.1134708285676497e-15,0.18472911926109797,1.0,0.0,0.0
damped_wave,8,0.12,2,inference_only,0.0,0.0,0.0,0.0,0.0,0.7851522486563302,0.18472911926109797,0.0,0.0,1.0
damped_wave,8,0.12,2,response_only,1.0,1.0,0.0,1.394646718759622,1.4150458876352427,0.7851522486563302,0.18472911926109797,0.0,0.0,1.0
damped_wave,8,0.12,2,combined,1.0,1.0,0.0,1.394646718759622,1.4150458876352427,0.7851522486563302,0.18472911926109797,0.0,0.0,1.0
damped_wave,8,0.12,4,inference_only,0.0,0.0,0.0,0.0,0.0,0.7146420877101647,0.18472911926109797,0.0,0.0,1.0
damped_wave,8,0.12,4,response_only,1.0,1.0,0.0,1.394646718759622,1.4150458876352427,0.7146420877101647,0.18472911926109797,0.0,0.0,1.0
damped_wave,8,0.12,4,combined,1.0,1.0,0.0,1.394646718759622,1.4150458876352427,0.7146420877101647,0.18472911926109797,0.0,0.0,1.0
damped_wave,8,0.12,8,inference_only,0.0,0.0,0.0,0.0,0.0,0.2923625319291965,0.18472911926109797,0.0,0.0,1.0
damped_wave,8,0.12,8,response_only,0.0,0.0,0.0,0.0,0.0,0.2923625319291965,0.18472911926109797,0.0,0.0,1.0
damped_wave,8,0.12,8,combined,0.0,0.0,0.0,0.0,0.0,0.2923625319291965,0.18472911926109797,0.0,0.0,1.0
damped_wave,8,0.12,16,inference_only,0.0,0.0,0.0,0.0,0.0,0.32420344896208814,0.18472911926109797,0.0,0.0,1.0
damped_wave,8,0.12,16,response_only,0.0,0.0,0.0,0.0,0.0,0.32420344896208814,0.18472911926109797,0.0,0.0,1.0
damped_wave,8,0.12,16,combined,0.0,0.0,0.0,0.0,0.0,0.32420344896208814,0.18472911926109797,0.0,0.0,1.0
damped_wave,8,0.12,32,inference_only,0.0,0.0,0.0,0.0,0.0,2.0216000919658685e-15,0.18472911926109797,0.0,0.0,1.0
damped_wave,8,0.12,32,response_only,0.0,0.0,0.0,0.0,0.0,2.0216000919658685e-15,0.18472911926109797,0.0,0.0,1.0
damped_wave,8,0.12,32,combined,0.0,0.0,0.0,0.0,0.0,2.0216000919658685e-15,0.18472911926109797,0.0,0.0,1.0
damped_wave,8,0.12,64,inference_only,0.0,0.0,0.0,0.0,0.0,1.9511371656292646e-15,0.18472911926109797,0.0,0.0,1.0
damped_wave,8,0.12,64,response_only,0.0,0.0,0.0,0.0,0.0,1.9511371656292646e-15,0.18472911926109797,0.0,0.0,1.0
damped_wave,8,0.12,64,combined,0.0,0.0,0.0,0.0,0.0,1.9511371656292646e-15,0.18472911926109797,0.0,0.0,1.0
damped_wave,9,0.17,2,inference_only,0.0,0.0,0.0,0.0,0.0,2.6819444025075594,0.18472911926109797,1.0,0.0,0.0
damped_wave,9,0.17,2,response_only,1.0,0.0,1.0,0.08000000000000002,0.08000000000000003,2.6819444025075594,0.18472911926109797,1.0,0.0,0.0
damped_wave,9,0.17,2,combined,1.0,0.0,1.0,0.061333333333333344,0.08000000000000003,2.6819444025075594,0.18472911926109797,1.0,0.0,0.0
damped_wave,9,0.17,4,inference_only,0.0,0.0,0.0,0.0,0.0,1.3284684503033783,0.18472911926109797,1.0,0.0,0.0
damped_wave,9,0.17,4,response_only,0.0,0.0,0.0,0.0,0.0,1.3284684503033783,0.18472911926109797,1.0,0.0,0.0
damped_wave,9,0.17,4,combined,0.0,0.0,0.0,0.0,0.0,1.3284684503033783,0.18472911926109797,1.0,0.0,0.0
damped_wave,9,0.17,8,inference_only,0.0,0.0,0.0,0.0,0.0,2.8358325713664607,0.18472911926109797,1.0,0.0,0.0
damped_wave,9,0.17,8,response_only,1.0,0.0,1.0,0.08000000000000002,0.08000000000000003,2.8358325713664607,0.18472911926109797,1.0,0.0,0.0
damped_wave,9,0.17,8,combined,1.0,0.0,1.0,0.08000000000000002,0.08000000000000003,2.8358325713664607,0.18472911926109797,1.0,0.0,0.0
damped_wave,9,0.17,16,inference_only,0.0,0.0,0.0,0.0,0.0,0.7180482241447207,0.18472911926109797,1.0,0.0,0.0
damped_wave,9,0.17,16,response_only,0.0,0.0,0.0,0.0,0.0,0.7180482241447207,0.18472911926109797,1.0,0.0,0.0
damped_wave,9,0.17,16,combined,0.0,0.0,0.0,0.0,0.0,0.7180482241447207,0.18472911926109797,1.0,0.0,0.0
damped_wave,9,0.17,32,inference_only,0.0,0.0,0.0,0.0,0.0,1.4234796653600942e-15,0.18472911926109797,1.0,0.0,0.0
damped_wave,9,0.17,32,response_only,0.0,0.0,0.0,0.0,0.0,1.4234796653600942e-15,0.18472911926109797,1.0,0.0,0.0
damped_wave,9,0.17,32,combined,0.0,0.0,0.0,0.0,0.0,1.4234796653600942e-15,0.18472911926109797,1.0,0.0,0.0
damped_wave,9,0.17,64,inference_only,0.0,0.0,0.0,0.0,0.0,1.7874676679838643e-15,0.18472911926109797,1.0,0.0,0.0
damped_wave,9,0.17,64,response_only,0.0,0.0,0.0,0.0,0.0,1.7874676679838643e-15,0.18472911926109797,1.0,0.0,0.0
damped_wave,9,0.17,64,combined,0.0,0.0,0.0,0.0,0.0,1.7874676679838643e-15,0.18472911926109797,1.0,0.0,0.0
