pde,case,pathway,first_passing_rank,stable_boundary_rank,boundary_width_steps,order_violations,resolved
burgers,0,combined,16,16,0,0,True
burgers,0,inference_only,2,2,0,0,True
burgers,0,response_only,16,16,0,0,True
burgers,1,combined,16,16,0,0,True
burgers,1,inference_only,2,2,0,0,True
burgers,1,response_only,16,16,0,0,True
burgers,2,combined,2,2,0,0,True
burgers,2,inference_only,2,2,0,0,True
burgers,2,response_only,2,2,0,0,True
burgers,3,combined,2,2,0,0,True
burgers,3,inference_only,2,2,0,0,True
burgers,3,response_only,2,2,0,0,True
burgers,4,combined,32,32,0,0,True
burgers,4,inference_only,16,16,0,0,True
burgers,4,response_only,32,32,0,0,True
burgers,5,combined,32,32,0,0,True
burgers,5,inference_only,32,32,0,0,True
burgers,5,response_only,32,32,0,0,True
burgers,6,combined,16,16,0,0,True
burgers,6,inference_only,2,2,0,0,True
burgers,6,response_only,16,16,0,0,True
burgers,7,combined,16,16,0,0,True
burgers,7,inference_only,2,2,0,0,True
burgers,7,response_only,16,16,0,0,True
burgers,8,combined,4,4,0,0,True
burgers,8,inference_only,2,2,0,0,True
burgers,8,response_only,4,4,0,0,True
burgers,9,combined,2,16,3,1,True
burgers,9,inference_only,2,2,0,0,True
burgers,9,response_only,2,16,3,1,True
damped_wave,0,combined,32,32,0,0,True
damped_wave,0,inference_only,32,32,0,0,True
damped_wave,0,response_only,32,32,0,0,True
damped_wave,1,combined,4,4,0,0,True
damped_wave,1,inference_only,2,2,0,0,True
damped_wave,1,response_only,4,4,0,0,True
damped_wave,2,combined,2,32,4,1,True
damped_wave,2,inference_only,2,2,0,0,True
damped_wave,2,response_only,2,32,4,1,True
damped_wave,3,combined,2,2,0,0,True
damped_wave,3,inference_only,2,2,0,0,True
damped_wave,3,response_only,2,2,0,0,True
damped_wave,4,combined,32,32,0,0,True
damped_wave,4,inference_only,32,32,0,0,True
damped_wave,4,response_only,32,32,0,0,True
damped_wave,5,combined,8,8,0,0,True
damped_wave,5,inference_only,2,2,0,0,True
damped_wave,5,response_only,4,4,0,0,True
damped_wave,6,combined,4,4,0,0,True
damped_wave,6,inference_only,2,2,0,0,True
damped_wave,6,response_only,4,4,0,0,True
damped_wave,7,combined,2,8,2,1,True
damped_wave,7,inference_only,2,2,0,0,True
damped_wave,7,response_only,2,8,2,1,True
damped_wave,8,combined,8,8,0,0,True
damped_wave,8,inference_only,2,2,0,0,True
damped_wave,8,response_only,8,8,0,0,True
damped_wave,9,combined,4,16,2,1,True
damped_wave,9,inference_only,2,2,0,0,True
damped_wave,9,response_only,4,16,2,1,True
