grid_points,pod_modes,representation,metric,model,wins,trials,winner_probability,bootstrap_ci_low,bootstrap_ci_high,wilson_ci_low,wilson_ci_high
64,2,grid,relative_l2,knn,8,10,0.8,0.5,1.0,0.49016247153664183,0.9433178485456247
64,2,grid,relative_l2,ridge,2,10,0.2,0.0,0.5,0.05668215145437519,0.5098375284633583
64,2,grid,steepest_gradient_location_error_radians,knn,10,10,1.0,1.0,1.0,0.7224672001371107,0.9999999999999999
64,2,grid,steepest_gradient_location_error_radians,ridge,0,10,0.0,0.0,0.0,0.0,0.2775327998628892
64,2,pod_gradient,relative_l2,knn,0,10,0.0,0.0,0.0,0.0,0.2775327998628892
64,2,pod_gradient,relative_l2,ridge,10,10,1.0,1.0,1.0,0.7224672001371107,0.9999999999999999
64,2,pod_gradient,steepest_gradient_location_error_radians,knn,3,10,0.3,0.0,0.6,0.10779126740630099,0.6032218525388546
64,2,pod_gradient,steepest_gradient_location_error_radians,ridge,7,10,0.7,0.4,1.0,0.39677814746114537,0.8922087325936989
64,2,pod_l2,relative_l2,knn,0,10,0.0,0.0,0.0,0.0,0.2775327998628892
64,2,pod_l2,relative_l2,ridge,10,10,1.0,1.0,1.0,0.7224672001371107,0.9999999999999999
64,2,pod_l2,steepest_gradient_location_error_radians,knn,3,10,0.3,0.0,0.6,0.10779126740630099,0.6032218525388546
64,2,pod_l2,steepest_gradient_location_error_radians,ridge,7,10,0.7,0.4,0.9,0.39677814746114537,0.8922087325936989
64,4,grid,relative_l2,knn,8,10,0.8,0.5,1.0,0.49016247153664183,0.9433178485456247
64,4,grid,relative_l2,ridge,2,10,0.2,0.0,0.5,0.05668215145437519,0.5098375284633583
64,4,grid,steepest_gradient_location_error_radians,knn,10,10,1.0,1.0,1.0,0.7224672001371107,0.9999999999999999
64,4,grid,steepest_gradient_location_error_radians,ridge,0,10,0.0,0.0,0.0,0.0,0.2775327998628892
64,4,pod_gradient,relative_l2,knn,4,10,0.4,0.1,0.7,0.16818032970623614,0.6873262302663417
64,4,pod_gradient,relative_l2,ridge,6,10,0.6,0.3,0.9,0.31267376973365824,0.8318196702937638
64,4,pod_gradient,steepest_gradient_location_error_radians,knn,0,10,0.0,0.0,0.0,0.0,0.2775327998628892
64,4,pod_gradient,steepest_gradient_location_error_radians,ridge,10,10,1.0,1.0,1.0,0.7224672001371107,0.9999999999999999
64,4,pod_l2,relative_l2,knn,5,10,0.5,0.2,0.8,0.236593090512564,0.7634069094874361
64,4,pod_l2,relative_l2,ridge,5,10,0.5,0.2,0.8,0.236593090512564,0.7634069094874361
64,4,pod_l2,steepest_gradient_location_error_radians,knn,0,10,0.0,0.0,0.0,0.0,0.2775327998628892
64,4,pod_l2,steepest_gradient_location_error_radians,ridge,10,10,1.0,1.0,1.0,0.7224672001371107,0.9999999999999999
64,8,grid,relative_l2,knn,8,10,0.8,0.5,1.0,0.49016247153664183,0.9433178485456247
64,8,grid,relative_l2,ridge,2,10,0.2,0.0,0.5,0.05668215145437519,0.5098375284633583
64,8,grid,steepest_gradient_location_error_radians,knn,10,10,1.0,1.0,1.0,0.7224672001371107,0.9999999999999999
64,8,grid,steepest_gradient_location_error_radians,ridge,0,10,0.0,0.0,0.0,0.0,0.2775327998628892
64,8,pod_gradient,relative_l2,knn,8,10,0.8,0.5,1.0,0.49016247153664183,0.9433178485456247
64,8,pod_gradient,relative_l2,ridge,2,10,0.2,0.0,0.5,0.05668215145437519,0.5098375284633583
64,8,pod_gradient,steepest_gradient_location_error_radians,knn,10,10,1.0,1.0,1.0,0.7224672001371107,0.9999999999999999
64,8,pod_gradient,steepest_gradient_location_error_radians,ridge,0,10,0.0,0.0,0.0,0.0,0.2775327998628892
64,8,pod_l2,relative_l2,knn,8,10,0.8,0.5,1.0,0.49016247153664183,0.9433178485456247
64,8,pod_l2,relative_l2,ridge,2,10,0.2,0.0,0.5,0.05668215145437519,0.5098375284633583
64,8,pod_l2,steepest_gradient_location_error_radians,knn,10,10,1.0,1.0,1.0,0.7224672001371107,0.9999999999999999
64,8,pod_l2,steepest_gradient_location_error_radians,ridge,0,10,0.0,0.0,0.0,0.0,0.2775327998628892
64,16,grid,relative_l2,knn,8,10,0.8,0.5,1.0,0.49016247153664183,0.9433178485456247
64,16,grid,relative_l2,ridge,2,10,0.2,0.0,0.40249999999998637,0.05668215145437519,0.5098375284633583
64,16,grid,steepest_gradient_location_error_radians,knn,10,10,1.0,1.0,1.0,0.7224672001371107,0.9999999999999999
64,16,grid,steepest_gradient_location_error_radians,ridge,0,10,0.0,0.0,0.0,0.0,0.2775327998628892
64,16,pod_gradient,relative_l2,knn,8,10,0.8,0.5,1.0,0.49016247153664183,0.9433178485456247
64,16,pod_gradient,relative_l2,ridge,2,10,0.2,0.0,0.5,0.05668215145437519,0.5098375284633583
64,16,pod_gradient,steepest_gradient_location_error_radians,knn,10,10,1.0,1.0,1.0,0.7224672001371107,0.9999999999999999
64,16,pod_gradient,steepest_gradient_location_error_radians,ridge,0,10,0.0,0.0,0.0,0.0,0.2775327998628892
64,16,pod_l2,relative_l2,knn,8,10,0.8,0.5,1.0,0.49016247153664183,0.9433178485456247
64,16,pod_l2,relative_l2,ridge,2,10,0.2,0.0,0.5,0.05668215145437519,0.5098375284633583
64,16,pod_l2,steepest_gradient_location_error_radians,knn,10,10,1.0,1.0,1.0,0.7224672001371107,0.9999999999999999
64,16,pod_l2,steepest_gradient_location_error_radians,ridge,0,10,0.0,0.0,0.0,0.0,0.2775327998628892
128,2,grid,relative_l2,knn,8,10,0.8,0.5,1.0,0.49016247153664183,0.9433178485456247
128,2,grid,relative_l2,ridge,2,10,0.2,0.0,0.5,0.05668215145437519,0.5098375284633583
128,2,grid,steepest_gradient_location_error_radians,knn,10,10,1.0,1.0,1.0,0.7224672001371107,0.9999999999999999
128,2,grid,steepest_gradient_location_error_radians,ridge,0,10,0.0,0.0,0.0,0.0,0.2775327998628892
128,2,pod_gradient,relative_l2,knn,0,10,0.0,0.0,0.0,0.0,0.2775327998628892
128,2,pod_gradient,relative_l2,ridge,10,10,1.0,1.0,1.0,0.7224672001371107,0.9999999999999999
128,2,pod_gradient,steepest_gradient_location_error_radians,knn,3,10,0.3,0.0,0.6,0.10779126740630099,0.6032218525388546
128,2,pod_gradient,steepest_gradient_location_error_radians,ridge,7,10,0.7,0.4,1.0,0.39677814746114537,0.8922087325936989
128,2,pod_l2,relative_l2,knn,0,10,0.0,0.0,0.0,0.0,0.2775327998628892
128,2,pod_l2,relative_l2,ridge,10,10,1.0,1.0,1.0,0.7224672001371107,0.9999999999999999
128,2,pod_l2,steepest_gradient_location_error_radians,knn,3,10,0.3,0.0,0.6,0.10779126740630099,0.6032218525388546
128,2,pod_l2,steepest_gradient_location_error_radians,ridge,7,10,0.7,0.4,1.0,0.39677814746114537,0.8922087325936989
128,4,grid,relative_l2,knn,8,10,0.8,0.5,1.0,0.49016247153664183,0.9433178485456247
128,4,grid,relative_l2,ridge,2,10,0.2,0.0,0.5,0.05668215145437519,0.5098375284633583
128,4,grid,steepest_gradient_location_error_radians,knn,10,10,1.0,1.0,1.0,0.7224672001371107,0.9999999999999999
128,4,grid,steepest_gradient_location_error_radians,ridge,0,10,0.0,0.0,0.0,0.0,0.2775327998628892
128,4,pod_gradient,relative_l2,knn,5,10,0.5,0.2,0.8,0.236593090512564,0.7634069094874361
128,4,pod_gradient,relative_l2,ridge,5,10,0.5,0.2,0.8,0.236593090512564,0.7634069094874361
128,4,pod_gradient,steepest_gradient_location_error_radians,knn,1,10,0.1,0.0,0.3,0.017876213095072896,0.4041500267952385
128,4,pod_gradient,steepest_gradient_location_error_radians,ridge,9,10,0.9,0.7,1.0,0.5958499732047615,0.9821237869049271
128,4,pod_l2,relative_l2,knn,5,10,0.5,0.2,0.8,0.236593090512564,0.7634069094874361
128,4,pod_l2,relative_l2,ridge,5,10,0.5,0.2,0.8,0.236593090512564,0.7634069094874361
128,4,pod_l2,steepest_gradient_location_error_radians,knn,1,10,0.1,0.0,0.3,0.017876213095072896,0.4041500267952385
128,4,pod_l2,steepest_gradient_location_error_radians,ridge,9,10,0.9,0.7,1.0,0.5958499732047615,0.9821237869049271
128,8,grid,relative_l2,knn,8,10,0.8,0.5,1.0,0.49016247153664183,0.9433178485456247
128,8,grid,relative_l2,ridge,2,10,0.2,0.0,0.5,0.05668215145437519,0.5098375284633583
128,8,grid,steepest_gradient_location_error_radians,knn,10,10,1.0,1.0,1.0,0.7224672001371107,0.9999999999999999
128,8,grid,steepest_gradient_location_error_radians,ridge,0,10,0.0,0.0,0.0,0.0,0.2775327998628892
128,8,pod_gradient,relative_l2,knn,8,10,0.8,0.6,1.0,0.49016247153664183,0.9433178485456247
128,8,pod_gradient,relative_l2,ridge,2,10,0.2,0.0,0.5,0.05668215145437519,0.5098375284633583
128,8,pod_gradient,steepest_gradient_location_error_radians,knn,10,10,1.0,1.0,1.0,0.7224672001371107,0.9999999999999999
128,8,pod_gradient,steepest_gradient_location_error_radians,ridge,0,10,0.0,0.0,0.0,0.0,0.2775327998628892
128,8,pod_l2,relative_l2,knn,8,10,0.8,0.5,1.0,0.49016247153664183,0.9433178485456247
128,8,pod_l2,relative_l2,ridge,2,10,0.2,0.0,0.5,0.05668215145437519,0.5098375284633583
128,8,pod_l2,steepest_gradient_location_error_radians,knn,10,10,1.0,1.0,1.0,0.7224672001371107,0.9999999999999999
128,8,pod_l2,steepest_gradient_location_error_radians,ridge,0,10,0.0,0.0,0.0,0.0,0.2775327998628892
128,16,grid,relative_l2,knn,8,10,0.8,0.5,1.0,0.49016247153664183,0.9433178485456247
128,16,grid,relative_l2,ridge,2,10,0.2,0.0,0.5,0.05668215145437519,0.5098375284633583
128,16,grid,steepest_gradient_location_error_radians,knn,10,10,1.0,1.0,1.0,0.7224672001371107,0.9999999999999999
128,16,grid,steepest_gradient_location_error_radians,ridge,0,10,0.0,0.0,0.0,0.0,0.2775327998628892
128,16,pod_gradient,relative_l2,knn,8,10,0.8,0.5,1.0,0.49016247153664183,0.9433178485456247
128,16,pod_gradient,relative_l2,ridge,2,10,0.2,0.0,0.5,0.05668215145437519,0.5098375284633583
128,16,pod_gradient,steepest_gradient_location_error_radians,knn,10,10,1.0,1.0,1.0,0.7224672001371107,0.9999999999999999
128,16,pod_gradient,steepest_gradient_location_error_radians,ridge,0,10,0.0,0.0,0.0,0.0,0.2775327998628892
128,16,pod_l2,relative_l2,knn,8,10,0.8,0.5,1.0,0.49016247153664183,0.9433178485456247
128,16,pod_l2,relative_l2,ridge,2,10,0.2,0.0,0.5,0.05668215145437519,0.5098375284633583
128,16,pod_l2,steepest_gradient_location_error_radians,knn,10,10,1.0,1.0,1.0,0.7224672001371107,0.9999999999999999
128,16,pod_l2,steepest_gradient_location_error_radians,ridge,0,10,0.0,0.0,0.0,0.0,0.2775327998628892
256,2,grid,relative_l2,knn,8,10,0.8,0.5,1.0,0.49016247153664183,0.9433178485456247
256,2,grid,relative_l2,ridge,2,10,0.2,0.0,0.5,0.05668215145437519,0.5098375284633583
256,2,grid,steepest_gradient_location_error_radians,knn,10,10,1.0,1.0,1.0,0.7224672001371107,0.9999999999999999
256,2,grid,steepest_gradient_location_error_radians,ridge,0,10,0.0,0.0,0.0,0.0,0.2775327998628892
256,2,pod_gradient,relative_l2,knn,0,10,0.0,0.0,0.0,0.0,0.2775327998628892
256,2,pod_gradient,relative_l2,ridge,10,10,1.0,1.0,1.0,0.7224672001371107,0.9999999999999999
256,2,pod_gradient,steepest_gradient_location_error_radians,knn,3,10,0.3,0.1,0.6,0.10779126740630099,0.6032218525388546
256,2,pod_gradient,steepest_gradient_location_error_radians,ridge,7,10,0.7,0.4,0.9,0.39677814746114537,0.8922087325936989
256,2,pod_l2,relative_l2,knn,0,10,0.0,0.0,0.0,0.0,0.2775327998628892
256,2,pod_l2,relative_l2,ridge,10,10,1.0,1.0,1.0,0.7224672001371107,0.9999999999999999
256,2,pod_l2,steepest_gradient_location_error_radians,knn,3,10,0.3,0.0,0.6,0.10779126740630099,0.6032218525388546
256,2,pod_l2,steepest_gradient_location_error_radians,ridge,7,10,0.7,0.4,0.9,0.39677814746114537,0.8922087325936989
256,4,grid,relative_l2,knn,8,10,0.8,0.5,1.0,0.49016247153664183,0.9433178485456247
256,4,grid,relative_l2,ridge,2,10,0.2,0.0,0.5,0.05668215145437519,0.5098375284633583
256,4,grid,steepest_gradient_location_error_radians,knn,10,10,1.0,1.0,1.0,0.7224672001371107,0.9999999999999999
256,4,grid,steepest_gradient_location_error_radians,ridge,0,10,0.0,0.0,0.0,0.0,0.2775327998628892
256,4,pod_gradient,relative_l2,knn,5,10,0.5,0.2,0.8,0.236593090512564,0.7634069094874361
256,4,pod_gradient,relative_l2,ridge,5,10,0.5,0.2,0.8,0.236593090512564,0.7634069094874361
256,4,pod_gradient,steepest_gradient_location_error_radians,knn,0,10,0.0,0.0,0.0,0.0,0.2775327998628892
256,4,pod_gradient,steepest_gradient_location_error_radians,ridge,10,10,1.0,1.0,1.0,0.7224672001371107,0.9999999999999999
256,4,pod_l2,relative_l2,knn,5,10,0.5,0.2,0.8,0.236593090512564,0.7634069094874361
256,4,pod_l2,relative_l2,ridge,5,10,0.5,0.2,0.8,0.236593090512564,0.7634069094874361
256,4,pod_l2,steepest_gradient_location_error_radians,knn,0,10,0.0,0.0,0.0,0.0,0.2775327998628892
256,4,pod_l2,steepest_gradient_location_error_radians,ridge,10,10,1.0,1.0,1.0,0.7224672001371107,0.9999999999999999
256,8,grid,relative_l2,knn,8,10,0.8,0.5,1.0,0.49016247153664183,0.9433178485456247
256,8,grid,relative_l2,ridge,2,10,0.2,0.0,0.5,0.05668215145437519,0.5098375284633583
256,8,grid,steepest_gradient_location_error_radians,knn,10,10,1.0,1.0,1.0,0.7224672001371107,0.9999999999999999
256,8,grid,steepest_gradient_location_error_radians,ridge,0,10,0.0,0.0,0.0,0.0,0.2775327998628892
256,8,pod_gradient,relative_l2,knn,8,10,0.8,0.5,1.0,0.49016247153664183,0.9433178485456247
256,8,pod_gradient,relative_l2,ridge,2,10,0.2,0.0,0.5,0.05668215145437519,0.5098375284633583
256,8,pod_gradient,steepest_gradient_location_error_radians,knn,10,10,1.0,1.0,1.0,0.7224672001371107,0.9999999999999999
256,8,pod_gradient,steepest_gradient_location_error_radians,ridge,0,10,0.0,0.0,0.0,0.0,0.2775327998628892
256,8,pod_l2,relative_l2,knn,8,10,0.8,0.6,1.0,0.49016247153664183,0.9433178485456247
256,8,pod_l2,relative_l2,ridge,2,10,0.2,0.0,0.5,0.05668215145437519,0.5098375284633583
256,8,pod_l2,steepest_gradient_location_error_radians,knn,10,10,1.0,1.0,1.0,0.7224672001371107,0.9999999999999999
256,8,pod_l2,steepest_gradient_location_error_radians,ridge,0,10,0.0,0.0,0.0,0.0,0.2775327998628892
256,16,grid,relative_l2,knn,8,10,0.8,0.5,1.0,0.49016247153664183,0.9433178485456247
256,16,grid,relative_l2,ridge,2,10,0.2,0.0,0.5,0.05668215145437519,0.5098375284633583
256,16,grid,steepest_gradient_location_error_radians,knn,10,10,1.0,1.0,1.0,0.7224672001371107,0.9999999999999999
256,16,grid,steepest_gradient_location_error_radians,ridge,0,10,0.0,0.0,0.0,0.0,0.2775327998628892
256,16,pod_gradient,relative_l2,knn,8,10,0.8,0.5,1.0,0.49016247153664183,0.9433178485456247
256,16,pod_gradient,relative_l2,ridge,2,10,0.2,0.0,0.5,0.05668215145437519,0.5098375284633583
256,16,pod_gradient,steepest_gradient_location_error_radians,knn,10,10,1.0,1.0,1.0,0.7224672001371107,0.9999999999999999
256,16,pod_gradient,steepest_gradient_location_error_radians,ridge,0,10,0.0,0.0,0.0,0.0,0.2775327998628892
256,16,pod_l2,relative_l2,knn,8,10,0.8,0.5,1.0,0.49016247153664183,0.9433178485456247
256,16,pod_l2,relative_l2,ridge,2,10,0.2,0.0,0.5,0.05668215145437519,0.5098375284633583
256,16,pod_l2,steepest_gradient_location_error_radians,knn,10,10,1.0,1.0,1.0,0.7224672001371107,0.9999999999999999
256,16,pod_l2,steepest_gradient_location_error_radians,ridge,0,10,0.0,0.0,0.0,0.0,0.2775327998628892
