grid_points,pod_modes,representation,model,trials,relative_l2,relative_l2_std,steepest_gradient_location_error_radians,steepest_gradient_location_error_std,output_l2_fraction_retained,output_gradient_fraction_retained
64,2,grid,knn,10,0.14751878517960376,0.0108757175986412,0.146894000247929,0.018620614455659625,1.0,1.0
64,2,grid,ridge,10,0.15745364889145141,0.002612384720766927,0.20727148405910784,0.027136848048595636,1.0,1.0
64,2,pod_gradient,knn,10,0.25278386095173266,0.013186751851185126,0.36017868899554856,0.04908482851111157,0.9399888216461413,0.7651124043776638
64,2,pod_gradient,ridge,10,0.23026325756476904,0.011073144944584366,0.34164820107789,0.05539786840680479,0.9399888216461413,0.7651124043776638
64,2,pod_l2,knn,10,0.25278045938336313,0.013185674559388832,0.36017868899554856,0.04908482851111157,0.9399888524009808,0.7651071811984723
64,2,pod_l2,ridge,10,0.2302613778485986,0.011071830947040413,0.34164820107789,0.05539786840680479,0.9399888524009808,0.7651071811984723
64,4,grid,knn,10,0.14751878517960376,0.0108757175986412,0.146894000247929,0.018620614455659625,1.0,1.0
64,4,grid,ridge,10,0.15745364889145141,0.002612384720766927,0.20727148405910784,0.027136848048595636,1.0,1.0
64,4,pod_gradient,knn,10,0.16371913869342972,0.011400200752726604,0.23574216748226534,0.021879630908273117,0.99391489807746,0.9480442573535047
64,4,pod_gradient,ridge,10,0.15935680748197667,0.0026136188110717083,0.20199459014878124,0.021507458561218624,0.99391489807746,0.9480442573535047
64,4,pod_l2,knn,10,0.16370866279449786,0.011399776424804603,0.23598760440832703,0.021692221623935234,0.9939154032801886,0.94795761986435
64,4,pod_l2,ridge,10,0.15939023266687996,0.002601589233745595,0.20199459014878124,0.021507458561218624,0.9939154032801886,0.94795761986435
64,8,grid,knn,10,0.14751878517960376,0.0108757175986412,0.146894000247929,0.018620614455659625,1.0,1.0
64,8,grid,ridge,10,0.15745364889145141,0.002612384720766927,0.20727148405910784,0.027136848048595636,1.0,1.0
64,8,pod_gradient,knn,10,0.1480905255333881,0.010963064039226644,0.15744778806858223,0.026084209538822036,0.9997542454399287,0.9947494257831275
64,8,pod_gradient,ridge,10,0.15746077026503294,0.0026040012700078306,0.20960313485669402,0.025452702025644532,0.9997542454399287,0.9947494257831275
64,8,pod_l2,knn,10,0.14808651263940653,0.010960233209301673,0.15732506960555134,0.025960426237485332,0.9997542875780134,0.9947419496176723
64,8,pod_l2,ridge,10,0.15746092506318893,0.002604446101055123,0.20960313485669402,0.025452702025644532,0.9997542875780134,0.9947419496176723
64,16,grid,knn,10,0.14751878517960376,0.0108757175986412,0.146894000247929,0.018620614455659625,1.0,1.0
64,16,grid,ridge,10,0.15745364889145141,0.002612384720766927,0.20727148405910784,0.027136848048595636,1.0,1.0
64,16,pod_gradient,knn,10,0.1475204663246557,0.010876099106034171,0.1464031263958056,0.019204557282591725,0.999998917518551,0.9999422104894216
64,16,pod_gradient,ridge,10,0.157453693213029,0.00261243279393785,0.2073942025221387,0.027078514722324618,0.999998917518551,0.9999422104894216
64,16,pod_l2,knn,10,0.14752043762340472,0.010876071011392157,0.1464031263958056,0.019099713822691315,0.9999989185455751,0.9999420037723399
64,16,pod_l2,ridge,10,0.1574536974685436,0.002612449012066785,0.2073942025221387,0.027078514722324618,0.9999989185455751,0.9999420037723399
128,2,grid,knn,10,0.14751878517927036,0.01087571759858054,0.1464031263958056,0.018661009212343937,1.0,1.0
128,2,grid,ridge,10,0.15745364918696841,0.002612385055265524,0.21395964029428924,0.02432979286563976,1.0,1.0
128,2,pod_gradient,knn,10,0.2527813194440512,0.013185950177707333,0.36478063135920547,0.046553333374322596,0.9399888503869104,0.7626743287100969
128,2,pod_gradient,ridge,10,0.23026185468242436,0.011072166508264494,0.3485817942391331,0.05218577690218471,0.9399888503869104,0.7626743287100969
128,2,pod_l2,knn,10,0.2527804593831694,0.013185674559355392,0.36478063135920547,0.046553333374322596,0.939988852401002,0.7626729722858454
128,2,pod_l2,ridge,10,0.23026137775224872,0.01107183096864977,0.3485817942391331,0.05218577690218471,0.939988852401002,0.7626729722858454
128,4,grid,knn,10,0.14751878517927036,0.01087571759858054,0.1464031263958056,0.018661009212343937,1.0,1.0
128,4,grid,ridge,10,0.15745364918696841,0.002612385055265524,0.21395964029428924,0.02432979286563976,1.0,1.0
128,4,pod_gradient,knn,10,0.16371123656388148,0.011399856475771837,0.23549673055620363,0.025202639891288122,0.9939153677873946,0.9465294329544399
128,4,pod_gradient,ridge,10,0.15938129601317091,0.002604734869363792,0.2079464356057775,0.019172400781885625,0.9939153677873946,0.9465294329544399
128,4,pod_l2,knn,10,0.16370866279414678,0.011399776424769092,0.23549673055620363,0.025202639891288122,0.9939154032801971,0.9465055437170703
128,4,pod_l2,ridge,10,0.15939023267620406,0.002601589651751118,0.20788507637426207,0.01919932870713882,0.9939154032801971,0.9465055437170703
128,8,grid,knn,10,0.14751878517927036,0.01087571759858054,0.1464031263958056,0.018661009212343937,1.0,1.0
128,8,grid,ridge,10,0.15745364918696841,0.002612385055265524,0.21395964029428924,0.02432979286563976,1.0,1.0
128,8,pod_gradient,knn,10,0.14808768187007787,0.01096104876382949,0.15652739959585082,0.030374644483175818,0.9997542837471315,0.9943401605373717
128,8,pod_gradient,ridge,10,0.15746087273558418,0.002604315543253842,0.21494138799853602,0.023945042105696857,0.9997542837471315,0.9943401605373717
128,8,pod_l2,knn,10,0.14808651263906877,0.010960233209255668,0.15652739959585082,0.030422809305517707,0.9997542875780188,0.9943375592082443
128,8,pod_l2,ridge,10,0.1574609253585133,0.0026044464349868966,0.21494138799853602,0.023945042105696857,0.9997542875780188,0.9943375592082443
128,16,grid,knn,10,0.14751878517927036,0.01087571759858054,0.1464031263958056,0.018661009212343937,1.0,1.0
128,16,grid,ridge,10,0.15745364918696841,0.002612385055265524,0.21395964029428924,0.02432979286563976,1.0,1.0
128,16,pod_gradient,knn,10,0.147520447919682,0.010876082267713952,0.14591225254368217,0.018975782569963403,0.9999989183169934,0.9999268674342916
128,16,pod_gradient,ridge,10,0.15745369643284698,0.0026124432915833923,0.2139596402942892,0.024221227951445944,0.9999989183169934,0.9999268674342916
128,16,pod_l2,knn,10,0.14752043762308797,0.01087607101140056,0.14591225254368217,0.019037409566193198,0.999998918545584,0.999926705236146
128,16,pod_l2,ridge,10,0.15745369776405377,0.0026124493465752288,0.2139596402942892,0.024221227951445944,0.999998918545584,0.999926705236146
256,2,grid,knn,10,0.14751878517927036,0.010875717598580534,0.14677128178489812,0.020015402638671922,1.0,1.0
256,2,grid,ridge,10,0.15745364933496298,0.002612385222664386,0.21322332951610412,0.023904739021316995,1.0,1.0
256,2,pod_gradient,knn,10,0.2527806749887703,0.013185743867818822,0.36570101983193687,0.04693858669107808,0.9399888522736373,0.7620579133581965
256,2,pod_gradient,ridge,10,0.23026149737564477,0.011071915309322226,0.3495635419433799,0.052881430038875306,0.9399888522736373,0.7620579133581965
256,2,pod_l2,knn,10,0.25278045938316923,0.013185674559355409,0.36570101983193687,0.04693858669107808,0.939988852401002,0.7620575710016887
256,2,pod_l2,ridge,10,0.2302613777041808,0.011071830979438297,0.3495635419433799,0.052881430038875306,0.939988852401002,0.7620575710016887
256,4,grid,knn,10,0.14751878517927036,0.010875717598580534,0.14677128178489812,0.020015402638671922,1.0,1.0
256,4,grid,ridge,10,0.15745364933496298,0.002612385222664386,0.21322332951610412,0.023904739021316995,1.0,1.0
256,4,pod_gradient,knn,10,0.16370930181333732,0.011399794383021156,0.23792042020106297,0.024848700107237075,0.9939154009955009,0.9461407646929629
256,4,pod_gradient,ridge,10,0.1593879600065416,0.0026023848638548216,0.2107382806397294,0.02237787708126666,0.9939154009955009,0.9461407646929629
256,4,pod_l2,knn,10,0.16370866279414678,0.011399776424769132,0.23792042020106297,0.024848700107237075,0.9939154032801971,0.9461346431685798
256,4,pod_l2,ridge,10,0.15939023268108768,0.002601589860909098,0.21070760102397168,0.02240279611075457,0.9939154032801971,0.9461346431685798
256,8,grid,knn,10,0.14751878517927036,0.010875717598580534,0.14677128178489812,0.020015402638671922,1.0,1.0
256,8,grid,ridge,10,0.15745364933496298,0.002612385222664386,0.21322332951610412,0.023904739021316995,1.0,1.0
256,8,pod_gradient,knn,10,0.14808681634797477,0.01096044470122589,0.15821477846252502,0.029604389684331146,0.9997542873142387,0.9942324843882682
256,8,pod_gradient,ridge,10,0.157460911295386,0.002604412521140611,0.2155549803136903,0.023277542805907804,0.9997542873142387,0.9942324843882682
256,8,pod_l2,knn,10,0.14808651263906875,0.01096023320925566,0.15818409884676732,0.02959878989674813,0.9997542875780188,0.9942317763709599
256,8,pod_l2,ridge,10,0.15746092550641042,0.0026044466021026094,0.2155243006979326,0.023280260810642203,0.9997542875780188,0.9942317763709599
256,16,grid,knn,10,0.14751878517927036,0.010875717598580534,0.14677128178489812,0.020015402638671922,1.0,1.0
256,16,grid,ridge,10,0.15745364933496298,0.002612385222664386,0.21322332951610412,0.023904739021316995,1.0,1.0
256,16,pod_gradient,knn,10,0.1475204404164226,0.01087607417142674,0.14658720409035186,0.019694943358655348,0.9999989185251927,0.9999224272791132
256,16,pod_gradient,ridge,10,0.15745369756404967,0.0026124478333071593,0.21331536836337728,0.024145050349795475,0.9999989185251927,0.9999224272791132
256,16,pod_l2,knn,10,0.14752043762308792,0.010876071011400553,0.14655652447459416,0.019725320247025984,0.999998918545584,0.9999223718932558
256,16,pod_l2,ridge,10,0.15745369791204625,0.002612449513977682,0.21331536836337728,0.024145050349795475,0.999998918545584,0.9999223718932558
