seed,grid_points,pod_modes,representation,model,relative_l2,steepest_gradient_location_error_radians,output_l2_fraction_retained,output_gradient_fraction_retained
11,64,2,grid,ridge,0.16040402865573475,0.1975767254796706,1.0,1.0
11,64,2,grid,knn,0.14752832075924188,0.14726215563702155,1.0,1.0
11,64,2,pod_l2,ridge,0.23315272022054012,0.2380738182798515,0.9363108683691745,0.7518703317695433
11,64,2,pod_l2,knn,0.251783121074757,0.27734372644972394,0.9363108683691745,0.7518703317695433
11,64,2,pod_gradient,ridge,0.23315324950366145,0.2380738182798515,0.9363108586551835,0.7518719584744595
11,64,2,pod_gradient,knn,0.2517849343421314,0.27734372644972394,0.9363108586551835,0.7518719584744595
11,64,4,grid,ridge,0.16040402865573475,0.1975767254796706,1.0,1.0
11,64,4,grid,knn,0.14752832075924188,0.14726215563702155,1.0,1.0
11,64,4,pod_l2,ridge,0.1620018343382606,0.18653206380689397,0.9931402487189414,0.9419324168177513
11,64,4,pod_l2,knn,0.16193736857444585,0.2135301256736813,0.9931402487189414,0.9419324168177513
11,64,4,pod_gradient,ridge,0.16192437319009767,0.18653206380689397,0.9931396265560374,0.9420379802355543
11,64,4,pod_gradient,knn,0.16195104580956543,0.2135301256736813,0.9931396265560374,0.9420379802355543
11,64,8,grid,ridge,0.16040402865573475,0.1975767254796706,1.0,1.0
11,64,8,grid,knn,0.14752832075924188,0.14726215563702155,1.0,1.0
11,64,8,pod_l2,ridge,0.16040846021993654,0.20493983326152168,0.9997044251031871,0.9937011747735626
11,64,8,pod_l2,knn,0.14817918141586514,0.15585244804918114,0.9997044251031871,0.9937011747735626
11,64,8,pod_gradient,ridge,0.16040828324546313,0.20493983326152168,0.99970439048742,0.9937072714854374
11,64,8,pod_gradient,knn,0.1481820756525301,0.15585244804918114,0.99970439048742,0.9937072714854374
11,64,16,grid,ridge,0.16040402865573475,0.1975767254796706,1.0,1.0
11,64,16,grid,knn,0.14752832075924188,0.14726215563702155,1.0,1.0
11,64,16,pod_l2,ridge,0.16040423220371167,0.19880391010997908,0.9999982550023013,0.9999074304517164
11,64,16,pod_l2,knn,0.14752982743332338,0.14726215563702155,0.9999982550023013,0.9999074304517164
11,64,16,pod_gradient,ridge,0.16040418717897229,0.19880391010997908,0.9999982538974214,0.9999076427838083
11,64,16,pod_gradient,knn,0.14752982222541394,0.14726215563702155,0.9999982538974214,0.9999076427838083
17,64,2,grid,ridge,0.16096971583696743,0.18653206380689397,1.0,1.0
17,64,2,grid,knn,0.1423067442402301,0.13130875544301088,1.0,1.0
17,64,2,pod_l2,ridge,0.2389468014852379,0.29820586516496866,0.9421122900809314,0.7732622848511369
17,64,2,pod_l2,knn,0.2596499195482793,0.29084275738311755,0.9421122900809314,0.7732622848511369
17,64,2,pod_gradient,ridge,0.2389497320621655,0.29820586516496866,0.9421122453094811,0.773269927045386
17,64,2,pod_gradient,knn,0.2596569099167931,0.29084275738311755,0.9421122453094811,0.773269927045386
17,64,4,grid,ridge,0.16096971583696743,0.18653206380689397,1.0,1.0
17,64,4,grid,knn,0.1423067442402301,0.13130875544301088,1.0,1.0
17,64,4,pod_l2,ridge,0.16305120340647292,0.1902136176978195,0.9941105959970027,0.9499299844816502
17,64,4,pod_l2,knn,0.16117814760185945,0.2172116795646068,0.9941105959970027,0.9499299844816502
17,64,4,pod_gradient,ridge,0.16306118002850006,0.1902136176978195,0.9941101867757685,0.9500007851973234
17,64,4,pod_gradient,knn,0.1611799833157213,0.2172116795646068,0.9941101867757685,0.9500007851973234
17,64,8,grid,ridge,0.16096971583696743,0.18653206380689397,1.0,1.0
17,64,8,grid,knn,0.1423067442402301,0.13130875544301088,1.0,1.0
17,64,8,pod_l2,ridge,0.16096630371367954,0.19512235621905355,0.9997734397722263,0.9951168652044678
17,64,8,pod_l2,knn,0.14287589934410783,0.13621749396424493,0.9997734397722263,0.9951168652044678
17,64,8,pod_gradient,ridge,0.16096580161026122,0.19512235621905355,0.9997734122024682,0.9951217693693563
17,64,8,pod_gradient,knn,0.14287552341763726,0.13621749396424493,0.9997734122024682,0.9951217693693563
17,64,16,grid,ridge,0.16096971583696743,0.18653206380689397,1.0,1.0
17,64,16,grid,knn,0.1423067442402301,0.13130875544301088,1.0,1.0
17,64,16,pod_l2,ridge,0.1609698365154047,0.18775924843720251,0.9999990326909036,0.9999479398276845
17,64,16,pod_l2,knn,0.14230869126888285,0.12762720155208535,0.9999990326909036,0.9999479398276845
17,64,16,pod_gradient,ridge,0.16096980807744932,0.18775924843720251,0.9999990317930444,0.9999481211150971
17,64,16,pod_gradient,knn,0.14230883184915183,0.12762720155208535,0.9999990317930444,0.9999481211150971
23,64,2,grid,ridge,0.1537905076413854,0.2159844949342983,1.0,1.0
23,64,2,grid,knn,0.1287979329810138,0.16812429435226625,1.0,1.0
23,64,2,pod_l2,ridge,0.21540721010747638,0.3509748042682347,0.9457246060944597,0.7822344369010877
23,64,2,pod_l2,knn,0.22974834917883746,0.3902447124381071,0.9457246060944597,0.7822344369010877
23,64,2,pod_gradient,ridge,0.2154090650361483,0.3509748042682347,0.9457245826732072,0.7822384685671151
23,64,2,pod_gradient,knn,0.22974785560894367,0.3902447124381071,0.9457245826732072,0.7822384685671151
23,64,4,grid,ridge,0.1537905076413854,0.2159844949342983,1.0,1.0
23,64,4,grid,knn,0.1287979329810138,0.16812429435226625,1.0,1.0
23,64,4,pod_l2,ridge,0.15618564051026373,0.20616701789183017,0.9944326662201308,0.9508678330042811
23,64,4,pod_l2,knn,0.14456149463565937,0.24543692606170256,0.9944326662201308,0.9508678330042811
23,64,4,pod_gradient,ridge,0.1561476392600539,0.20616701789183017,0.9944322857526872,0.9509341936012171
23,64,4,pod_gradient,knn,0.14462607685871237,0.24543692606170256,0.9944322857526872,0.9509341936012171
23,64,8,grid,ridge,0.1537905076413854,0.2159844949342983,1.0,1.0
23,64,8,grid,knn,0.1287979329810138,0.16812429435226625,1.0,1.0
23,64,8,pod_l2,ridge,0.15382276890986918,0.20371264863121316,0.9997849532853185,0.9952925513284265
23,64,8,pod_l2,knn,0.1291977481715916,0.1803961406553514,0.9997849532853185,0.9952925513284265
23,64,8,pod_gradient,ridge,0.15382417712525712,0.20371264863121316,0.99978488513971,0.9953048969536095
23,64,8,pod_gradient,knn,0.1292018290943091,0.1803961406553514,0.99978488513971,0.9953048969536095
23,64,16,grid,ridge,0.1537905076413854,0.2159844949342983,1.0,1.0
23,64,16,grid,knn,0.1287979329810138,0.16812429435226625,1.0,1.0
23,64,16,pod_l2,ridge,0.15379053590607777,0.2159844949342983,0.9999992104241264,0.9999562210703018
23,64,16,pod_l2,knn,0.1287986541763749,0.16689710972195776,0.9999992104241264,0.9999562210703018
23,64,16,pod_gradient,ridge,0.1537905390244469,0.2159844949342983,0.9999992094161365,0.9999564355879504
23,64,16,pod_gradient,knn,0.12879863580808065,0.16689710972195776,0.9999992094161365,0.9999564355879504
29,64,2,grid,ridge,0.1599666608915639,0.21966604882522384,1.0,1.0
29,64,2,grid,knn,0.1491215580487597,0.15953400194010667,1.0,1.0
29,64,2,pod_l2,ridge,0.23000596103538012,0.4319689898685966,0.9379460108874026,0.7590071012758544
29,64,2,pod_l2,knn,0.2513336475649416,0.42951462060797957,0.9379460108874026,0.7590071012758544
29,64,2,pod_gradient,ridge,0.2300084054881303,0.4319689898685966,0.9379459979773029,0.7590092794246551
29,64,2,pod_gradient,knn,0.2513313676380884,0.42951462060797957,0.9379459979773029,0.7590092794246551
29,64,4,grid,ridge,0.1599666608915639,0.21966604882522384,1.0,1.0
29,64,4,grid,knn,0.1491215580487597,0.15953400194010667,1.0,1.0
29,64,4,pod_l2,ridge,0.16224418397089696,0.20493983326152168,0.9939981573823458,0.9489036229691822
29,64,4,pod_l2,knn,0.16781724619393923,0.26875343403756435,0.9939981573823458,0.9489036229691822
29,64,4,pod_gradient,ridge,0.16225734510084444,0.20493983326152168,0.9939976280050381,0.9489941763762166
29,64,4,pod_gradient,knn,0.16780495480334595,0.26875343403756435,0.9939976280050381,0.9489941763762166
29,64,8,grid,ridge,0.1599666608915639,0.21966604882522384,1.0,1.0
29,64,8,grid,knn,0.1491215580487597,0.15953400194010667,1.0,1.0
29,64,8,pod_l2,ridge,0.15997373902030015,0.22212041808584085,0.9997495641409408,0.99468029036387
29,64,8,pod_l2,knn,0.1497685031711466,0.18039614065535142,0.9997495641409408,0.99468029036387
29,64,8,pod_gradient,ridge,0.15997323726124582,0.22212041808584085,0.9997495411813908,0.9946843576871292
29,64,8,pod_gradient,knn,0.14976870554921992,0.18162332528565991,0.9997495411813908,0.9946843576871292
29,64,16,grid,ridge,0.1599666608915639,0.21966604882522384,1.0,1.0
29,64,16,grid,knn,0.1491215580487597,0.15953400194010667,1.0,1.0
29,64,16,pod_l2,ridge,0.15996692851018976,0.21966604882522384,0.9999989652397094,0.9999452853764498
29,64,16,pod_l2,knn,0.14912327461863106,0.15707963267948966,0.9999989652397094,0.9999452853764498
29,64,16,pod_gradient,ridge,0.15996691992677067,0.21966604882522384,0.9999989643294257,0.9999454696801496
29,64,16,pod_gradient,knn,0.14912330246597588,0.15707963267948966,0.9999989643294257,0.9999454696801496
31,64,2,grid,ridge,0.1540710886515712,0.19021361769781953,1.0,1.0
31,64,2,grid,knn,0.14749026887905922,0.12885438618239387,1.0,1.0
31,64,2,pod_l2,ridge,0.23281519015919053,0.3792000507653305,0.9378145651592924,0.7601425169176289
31,64,2,pod_l2,knn,0.2519903136018069,0.40374374337150076,0.9378145651592924,0.7601425169176289
31,64,2,pod_gradient,ridge,0.2328179851967132,0.3792000507653305,0.9378145227965701,0.7601496612308822
31,64,2,pod_gradient,knn,0.25199339035030777,0.40374374337150076,0.9378145227965701,0.7601496612308822
31,64,4,grid,ridge,0.1540710886515712,0.19021361769781953,1.0,1.0
31,64,4,grid,knn,0.14749026887905922,0.12885438618239387,1.0,1.0
31,64,4,pod_l2,ridge,0.1561119398227488,0.1877592484372025,0.994058877039299,0.9498626775407493
31,64,4,pod_l2,knn,0.16178609103374436,0.24175537217077708,0.994058877039299,0.9498626775407493
31,64,4,pod_gradient,ridge,0.15602718048655148,0.1877592484372025,0.9940583488725738,0.9499530104032297
31,64,4,pod_gradient,knn,0.16178003297158294,0.24175537217077708,0.9940583488725738,0.9499530104032297
31,64,8,grid,ridge,0.1540710886515712,0.19021361769781953,1.0,1.0
31,64,8,grid,knn,0.14749026887905922,0.12885438618239387,1.0,1.0
31,64,8,pod_l2,ridge,0.1540821651830643,0.191440802328128,0.999781527777305,0.9953561265455585
31,64,8,pod_l2,knn,0.14796435816582934,0.1423534171157875,0.999781527777305,0.9953561265455585
31,64,8,pod_gradient,ridge,0.15408203764824552,0.191440802328128,0.9997814793555788,0.995364776038196
31,64,8,pod_gradient,knn,0.1479694528953161,0.1423534171157875,0.9997814793555788,0.995364776038196
31,64,16,grid,ridge,0.1540710886515712,0.19021361769781953,1.0,1.0
31,64,16,grid,knn,0.14749026887905922,0.12885438618239387,1.0,1.0
31,64,16,pod_l2,ridge,0.154071071968536,0.19021361769781953,0.9999991816031893,0.9999566991137537
31,64,16,pod_l2,knn,0.1474912797150239,0.1337631247036279,0.9999991816031893,0.9999566991137537
31,64,16,pod_gradient,ridge,0.15407111415938304,0.19021361769781953,0.9999991809007412,0.9999568393557768
31,64,16,pod_gradient,knn,0.14749112498833142,0.1325359400733194,0.9999991809007412,0.9999568393557768
37,64,2,grid,ridge,0.15569175132831645,0.22580197197676638,1.0,1.0
37,64,2,grid,knn,0.13520125969068697,0.14603497100671303,1.0,1.0
37,64,2,pod_l2,ridge,0.21153872256650946,0.33256703481360705,0.947404358175015,0.791366411873169
37,64,2,pod_l2,knn,0.2366803737583846,0.34483888111669214,0.947404358175015,0.791366411873169
37,64,2,pod_gradient,ridge,0.21153670687518417,0.33256703481360705,0.9474043008066876,0.7913763715272619
37,64,2,pod_gradient,knn,0.23668949718379695,0.34483888111669214,0.9474043008066876,0.7913763715272619
37,64,4,grid,ridge,0.15569175132831645,0.22580197197676638,1.0,1.0
37,64,4,grid,knn,0.13520125969068697,0.14603497100671303,1.0,1.0
37,64,4,pod_l2,ridge,0.15908976421621102,0.19389517158874503,0.9945246381658253,0.9533185946706209
37,64,4,pod_l2,knn,0.1504178008005406,0.2086213871524472,0.9945246381658253,0.9533185946706209
37,64,4,pod_gradient,ridge,0.15907332543731295,0.19389517158874503,0.9945242726784198,0.9533828780855473
37,64,4,pod_gradient,knn,0.1503934079654025,0.2086213871524472,0.9945242726784198,0.9533828780855473
37,64,8,grid,ridge,0.15569175132831645,0.22580197197676638,1.0,1.0
37,64,8,grid,knn,0.13520125969068697,0.14603497100671303,1.0,1.0
37,64,8,pod_l2,ridge,0.15568883126404826,0.22948352586769188,0.9998130669029074,0.995952160385829
37,64,8,pod_l2,knn,0.13556378463656013,0.14848934026733007,0.9998130669029074,0.995952160385829
37,64,8,pod_gradient,ridge,0.15568933329759657,0.22948352586769188,0.999813052755072,0.99595471587515
37,64,8,pod_gradient,knn,0.13556429307526793,0.14848934026733007,0.999813052755072,0.99595471587515
37,64,16,grid,ridge,0.15569175132831645,0.22580197197676638,1.0,1.0
37,64,16,grid,knn,0.13520125969068697,0.14603497100671303,1.0,1.0
37,64,16,pod_l2,ridge,0.15569175404279398,0.22580197197676638,0.9999993155153029,0.9999623386953854
37,64,16,pod_l2,knn,0.1352027478195382,0.14726215563702155,0.9999993155153029,0.9999623386953854
37,64,16,pod_gradient,ridge,0.15569174977245165,0.22580197197676638,0.9999993152063592,0.9999624022887196
37,64,16,pod_gradient,knn,0.1352027837486277,0.14848934026733007,0.9999993152063592,0.9999624022887196
41,64,2,grid,ridge,0.15926662845672251,0.1902136176978195,1.0,1.0
41,64,2,grid,knn,0.15978065023980492,0.12149127840054277,1.0,1.0
41,64,2,pod_l2,ridge,0.24117956808594734,0.29820586516496866,0.9395255131980608,0.7605328358688623
41,64,2,pod_l2,knn,0.2742078753749075,0.33011266555298996,0.9395255131980608,0.7605328358688623
41,64,2,pod_gradient,ridge,0.24117906201335834,0.29820586516496866,0.9395255076188395,0.7605337780393171
41,64,2,pod_gradient,knn,0.2742098805776694,0.33011266555298996,0.9395255076188395,0.7605337780393171
41,64,4,grid,ridge,0.15926662845672251,0.1902136176978195,1.0,1.0
41,64,4,grid,knn,0.15978065023980492,0.12149127840054277,1.0,1.0
41,64,4,pod_l2,ridge,0.1605218336184227,0.188986433067511,0.9932492997279418,0.9425998865089906
41,64,4,pod_l2,knn,0.1789313968085776,0.23561944901923448,0.9932492997279418,0.9425998865089906
41,64,4,pod_gradient,ridge,0.16044042751363127,0.188986433067511,0.9932486335993427,0.9427139142367928
41,64,4,pod_gradient,knn,0.17898598938443136,0.23561944901923448,0.9932486335993427,0.9427139142367928
41,64,8,grid,ridge,0.15926662845672251,0.1902136176978195,1.0,1.0
41,64,8,grid,knn,0.15978065023980492,0.12149127840054277,1.0,1.0
41,64,8,pod_l2,ridge,0.15925706423965402,0.1926679869584365,0.9997231043715976,0.994104514781172
41,64,8,pod_l2,knn,0.16051794920558388,0.12026409377023425,0.9997231043715976,0.994104514781172
41,64,8,pod_gradient,ridge,0.15925644789599308,0.1926679869584365,0.9997230665783858,0.994111179050729
41,64,8,pod_gradient,knn,0.16052317034766764,0.12026409377023425,0.9997230665783858,0.994111179050729
41,64,16,grid,ridge,0.15926662845672251,0.1902136176978195,1.0,1.0
41,64,16,grid,knn,0.15978065023980492,0.12149127840054277,1.0,1.0
41,64,16,pod_l2,ridge,0.15926658828329554,0.188986433067511,0.9999985736667732,0.9999231611072451
41,64,16,pod_l2,knn,0.15978313911468486,0.12026409377023425,0.9999985736667732,0.9999231611072451
41,64,16,pod_gradient,ridge,0.15926658449977651,0.188986433067511,0.9999985723668543,0.9999234204126479
41,64,16,pod_gradient,knn,0.15978312561088584,0.12026409377023425,0.9999985723668543,0.9999234204126479
43,64,2,grid,ridge,0.157541832847165,0.22089323345553233,1.0,1.0
43,64,2,grid,knn,0.14477627367822052,0.13744467859455345,1.0,1.0
43,64,2,pod_l2,ridge,0.21932612144153155,0.327658296292373,0.9354170812254463,0.75016426637692
43,64,2,pod_l2,knn,0.24624803105716087,0.3669282044622454,0.9354170812254463,0.75016426637692
43,64,2,pod_gradient,ridge,0.21932738391842377,0.327658296292373,0.9354170375997454,0.7501715333009811
43,64,2,pod_gradient,knn,0.24624698124110242,0.3669282044622454,0.9354170375997454,0.7501715333009811
43,64,4,grid,ridge,0.157541832847165,0.22089323345553233,1.0,1.0
43,64,4,grid,knn,0.14477627367822052,0.13744467859455345,1.0,1.0
43,64,4,pod_l2,ridge,0.16022746728038428,0.21230294104337272,0.9938251707385055,0.9465157380577632
43,64,4,pod_l2,knn,0.15828253194878522,0.23561944901923448,0.9938251707385055,0.9465157380577632
43,64,4,pod_gradient,ridge,0.1602167571412721,0.21230294104337272,0.9938246773795073,0.9465990707827543
43,64,4,pod_gradient,knn,0.15827802849919764,0.23561944901923448,0.9938246773795073,0.9465990707827543
43,64,8,grid,ridge,0.157541832847165,0.22089323345553233,1.0,1.0
43,64,8,grid,knn,0.14477627367822052,0.13744467859455345,1.0,1.0
43,64,8,pod_l2,ridge,0.15753669480862545,0.22212041808584085,0.9997106196071014,0.99390746417374
43,64,8,pod_l2,knn,0.1454424042946821,0.1509437095279471,0.9997106196071014,0.99390746417374
43,64,8,pod_gradient,ridge,0.15753627513848162,0.22212041808584085,0.9997105371961142,0.99392181366438
43,64,8,pod_gradient,knn,0.14544437661044723,0.1509437095279471,0.9997105371961142,0.99392181366438
43,64,16,grid,ridge,0.157541832847165,0.22089323345553233,1.0,1.0
43,64,16,grid,knn,0.14477627367822052,0.13744467859455345,1.0,1.0
43,64,16,pod_l2,ridge,0.1575417662215181,0.22089323345553233,0.9999988329604764,0.9999380317695182
43,64,16,pod_l2,knn,0.14477848518283362,0.1349903093339364,0.9999988329604764,0.9999380317695182
43,64,16,pod_gradient,ridge,0.15754175973486712,0.22089323345553233,0.9999988315152455,0.9999383201181637
43,64,16,pod_gradient,knn,0.14477848327164086,0.1349903093339364,0.9999988315152455,0.9999383201181637
47,64,2,grid,ridge,0.1558557532749984,0.16444274046134075,1.0,1.0
47,64,2,grid,knn,0.15468239248594254,0.14726215563702155,1.0,1.0
47,64,2,pod_l2,ridge,0.23805914237170658,0.36815538909255385,0.938994131196657,0.76280816982975
47,64,2,pod_l2,knn,0.2608301905169909,0.3902447124381071,0.938994131196657,0.76280816982975
47,64,2,pod_gradient,ridge,0.23806077089709418,0.36815538909255385,0.9389941068854394,0.7628122844533691
47,64,2,pod_gradient,knn,0.2608345811845002,0.3902447124381071,0.9389941068854394,0.7628122844533691
47,64,4,grid,ridge,0.1558557532749984,0.16444274046134075,1.0,1.0
47,64,4,grid,knn,0.15468239248594254,0.14726215563702155,1.0,1.0
47,64,4,pod_l2,ridge,0.15751805626812485,0.19144080232812805,0.9942018324264552,0.9505144821155385
47,64,4,pod_l2,knn,0.17230701618741384,0.22212041808584085,0.9942018324264552,0.9505144821155385
47,64,4,pod_gradient,ridge,0.157487082055014,0.19144080232812805,0.9942013219801994,0.9506021579841125
47,64,4,pod_gradient,knn,0.17232226960907726,0.21966604882522384,0.9942013219801994,0.9506021579841125
47,64,8,grid,ridge,0.1558557532749984,0.16444274046134075,1.0,1.0
47,64,8,grid,knn,0.15468239248594254,0.14726215563702155,1.0,1.0
47,64,8,pod_l2,ridge,0.15587288717870318,0.1718058482431918,0.999758241297807,0.9948447420330744
47,64,8,pod_l2,knn,0.15524958200268255,0.14848934026733007,0.999758241297807,0.9948447420330744
47,64,8,pod_gradient,ridge,0.15587348922056116,0.1718058482431918,0.9997582112508557,0.9948501017335274
47,64,8,pod_gradient,knn,0.1552559322410874,0.14848934026733007,0.9997582112508557,0.9948501017335274
47,64,16,grid,ridge,0.1558557532749984,0.16444274046134075,1.0,1.0
47,64,16,grid,knn,0.15468239248594254,0.14726215563702155,1.0,1.0
47,64,16,pod_l2,ridge,0.15585580822380957,0.16444274046134075,0.9999992229456011,0.9999585302082714
47,64,16,pod_l2,knn,0.1546835355613422,0.1448077863764045,0.9999992229456011,0.9999585302082714
47,64,16,pod_gradient,ridge,0.15585578036289546,0.16444274046134075,0.999999222135203,0.9999586930797283
47,64,16,pod_gradient,knn,0.1546836536433224,0.1448077863764045,0.999999222135203,0.9999586930797283
53,64,2,grid,ridge,0.15697852133008916,0.26139032625571323,1.0,1.0
53,64,2,grid,knn,0.16550245079307818,0.18162332528565991,1.0,1.0
53,64,2,pod_l2,ridge,0.24218234101246572,0.3914718970684156,0.9386390996233683,0.7596834563207708
53,64,2,pod_l2,knn,0.265332772157565,0.37797286613502196,0.9386390996233683,0.7596834563207708
53,64,2,pod_gradient,ridge,0.2421902146568113,0.3914718970684156,0.9386390561389557,0.7596907817132108
53,64,2,pod_gradient,knn,0.2653432114739934,0.37797286613502196,0.9386390561389557,0.7596907817132108
53,64,4,grid,ridge,0.15697852133008916,0.26139032625571323,1.0,1.0
53,64,4,grid,knn,0.16550245079307818,0.18162332528565991,1.0,1.0
53,64,4,pod_l2,ridge,0.15695040323701365,0.25770877236478773,0.9936125463854381,0.9451309624769716
53,64,4,pod_l2,knn,0.17986753416001294,0.2712078032981814,0.9936125463854381,0.9451309624769716
53,64,4,pod_gradient,ridge,0.15693276460648892,0.25770877236478773,0.9936119991750261,0.9452244066322997
53,64,4,pod_gradient,knn,0.17986959771726035,0.2712078032981814,0.9936119991750261,0.9452244066322997
53,64,8,grid,ridge,0.15697852133008916,0.26139032625571323,1.0,1.0
53,64,8,grid,knn,0.16550245079307818,0.18162332528565991,1.0,1.0
53,64,8,pod_l2,ridge,0.15700033609400882,0.26261751088602175,0.9997439335217432,0.9944636065870218
53,64,8,pod_l2,knn,0.16610571598601606,0.2098485717827557,0.9997439335217432,0.9944636065870218
53,64,8,pod_gradient,ridge,0.1569986202072241,0.26261751088602175,0.9997438782522918,0.9944733759737598
53,64,8,pod_gradient,knn,0.16611989645039846,0.2098485717827557,0.9997438782522918,0.9944733759737598
53,64,16,grid,ridge,0.15697852133008916,0.26139032625571323,1.0,1.0
53,64,16,grid,knn,0.16550245079307818,0.18162332528565991,1.0,1.0
53,64,16,pod_l2,ridge,0.15697845281009887,0.26139032625571323,0.999998595407368,0.9999244001030722
53,64,16,pod_l2,knn,0.16550474134341214,0.18407769454627693,0.999998595407368,0.9999244001030722
53,64,16,pod_gradient,ridge,0.15697848939327685,0.26139032625571323,0.9999985936250781,0.9999247604721725
53,64,16,pod_gradient,knn,0.16550489963512666,0.18407769454627693,0.9999985936250781,0.9999247604721725
11,128,2,grid,ridge,0.1604040274453963,0.19819031779482485,1.0,1.0
11,128,2,grid,knn,0.14752832075794076,0.15585244804918114,1.0,1.0
11,128,2,pod_l2,ridge,0.23315272013870167,0.24911847995262812,0.9363108683693346,0.749277864886681
11,128,2,pod_l2,knn,0.2517831210740724,0.2859340188618835,0.9363108683693346,0.749277864886681
11,128,2,pod_gradient,ridge,0.2331528554249278,0.24911847995262812,0.9363108677237534,0.7492782933595381
11,128,2,pod_gradient,knn,0.25178358092683856,0.2859340188618835,0.9363108677237534,0.7492782933595381
11,128,4,grid,ridge,0.1604040274453963,0.19819031779482485,1.0,1.0
11,128,4,grid,knn,0.14752832075794076,0.15585244804918114,1.0,1.0
11,128,4,pod_l2,ridge,0.16200183289672235,0.18714565612204823,0.9931402487190861,0.940312648367785
11,128,4,pod_l2,knn,0.16193736857317723,0.21168934872821848,0.9931402487190861,0.940312648367785
11,128,4,pod_gradient,ridge,0.16198118079702667,0.18714565612204823,0.9931402050158593,0.9403417511872163
11,128,4,pod_gradient,knn,0.16194082388450867,0.21168934872821848,0.9931402050158593,0.9403417511872163
11,128,8,grid,ridge,0.1604040274453963,0.19819031779482485,1.0,1.0
11,128,8,grid,knn,0.14752832075794076,0.15585244804918114,1.0,1.0
11,128,8,pod_l2,ridge,0.16040845900951123,0.20064468705544186,0.9997044251033033,0.9932137551015982
11,128,8,pod_l2,knn,0.14817918141450806,0.16505633277649498,0.9997044251033033,0.9932137551015982
11,128,8,pod_gradient,ridge,0.16040840784806515,0.20064468705544186,0.9997044219571191,0.9932158717872804
11,128,8,pod_gradient,knn,0.1481799713639916,0.16444274046134072,0.9997044219571191,0.9932158717872804
11,128,16,grid,ridge,0.1604040274453963,0.19819031779482485,1.0,1.0
11,128,16,grid,knn,0.14752832075794076,0.15585244804918114,1.0,1.0
11,128,16,pod_l2,ridge,0.16040423099339005,0.1975767254796706,0.9999982550023666,0.9998834703646847
11,128,16,pod_l2,knn,0.14752982743206028,0.1552388557340269,0.9999982550023666,0.9998834703646847
11,128,16,pod_gradient,ridge,0.16040421366414911,0.1975767254796706,0.9999982547907099,0.999883617178762
11,128,16,pod_gradient,knn,0.14752982214133104,0.15462526341887264,0.9999982547907099,0.999883617178762
17,128,2,grid,ridge,0.16096971770742557,0.2012582793705961,1.0,1.0
17,128,2,grid,knn,0.14230674424018913,0.1325359400733194,1.0,1.0
17,128,2,pod_l2,ridge,0.23894680141802455,0.31477285767413354,0.9421122900809694,0.7709552897174053
17,128,2,pod_l2,knn,0.25964991954826516,0.30066023442558565,0.9421122900809694,0.7709552897174053
17,128,2,pod_gradient,ridge,0.23894754885464317,0.31477285767413354,0.9421122871489788,0.7709572745304808
17,128,2,pod_gradient,knn,0.25965169206193084,0.30066023442558565,0.9421122871489788,0.7709572745304808
17,128,4,grid,ridge,0.16096971770742557,0.2012582793705961,1.0,1.0
17,128,4,grid,knn,0.14230674424018913,0.1325359400733194,1.0,1.0
17,128,4,pod_l2,ridge,0.16305120497155784,0.19696313316451633,0.9941105959970381,0.9485714621182749
17,128,4,pod_l2,knn,0.16117814760181456,0.22457478734645786,0.9941105959970381,0.9485714621182749
17,128,4,pod_gradient,ridge,0.163053790439517,0.19696313316451633,0.9941105673401388,0.9485909282447408
17,128,4,pod_gradient,knn,0.1611784047112009,0.22457478734645786,0.9941105673401388,0.9485909282447408
17,128,8,grid,ridge,0.16096971770742557,0.2012582793705961,1.0,1.0
17,128,8,grid,knn,0.14230674424018913,0.1325359400733194,1.0,1.0
17,128,8,pod_l2,ridge,0.16096630558306832,0.2024854640009046,0.9997734397722511,0.9947455933693422
17,128,8,pod_l2,knn,0.14287589934403894,0.14664856332186732,0.9997734397722511,0.9947455933693422
17,128,8,pod_gradient,ridge,0.16096616299846692,0.2024854640009046,0.9997734373752678,0.9947472339838032
17,128,8,pod_gradient,knn,0.14287578823657285,0.14664856332186732,0.9997734373752678,0.9947472339838032
17,128,16,grid,ridge,0.16096971770742557,0.2012582793705961,1.0,1.0
17,128,16,grid,knn,0.14230674424018913,0.1325359400733194,1.0,1.0
17,128,16,pod_l2,ridge,0.160969838385863,0.2012582793705961,0.9999990326909105,0.9999345495439833
17,128,16,pod_l2,knn,0.14230869126883433,0.12885438618239387,0.9999990326909105,0.9999345495439833
17,128,16,pod_gradient,ridge,0.16096982688200115,0.2012582793705961,0.9999990324995772,0.9999346861913936
17,128,16,pod_gradient,knn,0.14230874144424194,0.12885438618239387,0.9999990324995772,0.9999346861913936
23,128,2,grid,ridge,0.15379050728222501,0.22396119503130357,1.0,1.0
23,128,2,grid,knn,0.12879793298099723,0.16198837120072368,1.0,1.0
23,128,2,pod_l2,ridge,0.21540721003249036,0.35465635815916025,0.9457246060947131,0.7798672271894512
23,128,2,pod_l2,knn,0.2297483491788026,0.38779034317749006,0.9457246060947131,0.7798672271894512
23,128,2,pod_gradient,ridge,0.2154076786122995,0.35465635815916025,0.9457246045581951,0.7798682758749637
23,128,2,pod_gradient,knn,0.22974820881711516,0.38779034317749006,0.9457246045581951,0.7798682758749637
23,128,4,grid,ridge,0.15379050728222501,0.22396119503130357,1.0,1.0
23,128,4,grid,knn,0.12879793298099723,0.16198837120072368,1.0,1.0
23,128,4,pod_l2,ridge,0.15618563976547115,0.2067806102069844,0.9944326662203584,0.949450549128361
23,128,4,pod_l2,knn,0.14456149463555595,0.23255148744346318,0.9944326662203584,0.949450549128361
23,128,4,pod_gradient,ridge,0.15617559180020374,0.2067806102069844,0.9944326395094606,0.9494688408230866
23,128,4,pod_gradient,knn,0.14457844830537384,0.23255148744346318,0.9944326395094606,0.9494688408230866
23,128,8,grid,ridge,0.15379050728222501,0.22396119503130357,1.0,1.0
23,128,8,grid,knn,0.12879793298099723,0.16198837120072368,1.0,1.0
23,128,8,pod_l2,ridge,0.1538227685547153,0.21168934872821846,0.9997849532855059,0.9949204745742367
23,128,8,pod_l2,knn,0.12919774817142207,0.167510702037112,0.9997849532855059,0.9949204745742367
23,128,8,pod_gradient,ridge,0.15382318410801762,0.21168934872821846,0.9997849469774012,0.994924838721888
23,128,8,pod_gradient,knn,0.12919895598619072,0.167510702037112,0.9997849469774012,0.994924838721888
23,128,16,grid,ridge,0.15379050728222501,0.22396119503130357,1.0,1.0
23,128,16,grid,knn,0.12879793298099723,0.16198837120072368,1.0,1.0
23,128,16,pod_l2,ridge,0.15379053554689015,0.22396119503130357,0.9999992104242528,0.9999437626925485
23,128,16,pod_l2,knn,0.12879865417627792,0.15830681730979818,0.9999992104242528,0.9999437626925485
23,128,16,pod_gradient,ridge,0.1537905367404302,0.22396119503130357,0.9999992101698812,0.9999439490206312
23,128,16,pod_gradient,knn,0.12879864884846776,0.15830681730979818,0.9999992101698812,0.9999439490206312
29,128,2,grid,ridge,0.15996666261173315,0.23009711818284617,1.0,1.0
29,128,2,grid,knn,0.14912155804875374,0.16014759425526096,1.0,1.0
29,128,2,pod_l2,ridge,0.23000596088741676,0.4362641360746763,0.9379460108874141,0.7565698805670082
29,128,2,pod_l2,knn,0.25133364756491955,0.4344233591292136,0.9379460108874141,0.7565698805670082
29,128,2,pod_gradient,ridge,0.23000658544054114,0.4362641360746763,0.937946010038691,0.7565704483844145
29,128,2,pod_gradient,knn,0.251333054986524,0.4344233591292136,0.937946010038691,0.7565704483844145
29,128,4,grid,ridge,0.15996666261173315,0.23009711818284617,1.0,1.0
29,128,4,grid,knn,0.14912155804875374,0.16014759425526096,1.0,1.0
29,128,4,pod_l2,ridge,0.1622441854719549,0.21537090261914402,0.993998157382354,0.9474930865225394
29,128,4,pod_l2,knn,0.16781724619391167,0.2736621725587984,0.993998157382354,0.9474930865225394
29,128,4,pod_gradient,ridge,0.16224762773987364,0.21537090261914402,0.9939981201845512,0.9475180601548142
29,128,4,pod_gradient,knn,0.1678137231703735,0.2736621725587984,0.9939981201845512,0.9475180601548142
29,128,8,grid,ridge,0.15996666261173315,0.23009711818284617,1.0,1.0
29,128,8,grid,knn,0.14912155804875374,0.16014759425526096,1.0,1.0
29,128,8,pod_l2,ridge,0.1599737407397081,0.23377867207377173,0.9997495641409465,0.9942785315391413
29,128,8,pod_l2,knn,0.14976850317112675,0.18223691760081415,0.9997495641409465,0.9942785315391413
29,128,8,pod_gradient,ridge,0.15997357940604184,0.23377867207377173,0.9997495620538308,0.9942799463566485
29,128,8,pod_gradient,knn,0.1497685925924862,0.18223691760081415,0.9997495620538308,0.9942799463566485
29,128,16,grid,ridge,0.15996666261173315,0.23009711818284617,1.0,1.0
29,128,16,grid,knn,0.14912155804875374,0.16014759425526096,1.0,1.0
29,128,16,pod_l2,ridge,0.15996693023037123,0.23009711818284617,0.99999896523972,0.9999313795404482
29,128,16,pod_l2,knn,0.149123274618634,0.16260196351587797,0.99999896523972,0.9999313795404482
29,128,16,pod_gradient,ridge,0.15996692875215127,0.23009711818284617,0.999998965023364,0.9999315331314429
29,128,16,pod_gradient,knn,0.14912328009256404,0.16260196351587797,0.999998965023364,0.9999315331314429
31,128,2,grid,ridge,0.15407108783337747,0.19696313316451633,1.0,1.0
31,128,2,grid,knn,0.147490268879308,0.13621749396424493,1.0,1.0
31,128,2,pod_l2,ridge,0.23281519007067972,0.3822680123411018,0.9378145651590145,0.7577427880667413
31,128,2,pod_l2,knn,0.2519903136018783,0.40987966652304325,0.9378145651590145,0.7577427880667413
31,128,2,pod_gradient,ridge,0.23281590299407848,0.3822680123411018,0.9378145623836504,0.7577446439003739
31,128,2,pod_gradient,knn,0.25199108116015,0.40987966652304325,0.9378145623836504,0.7577446439003739
31,128,4,grid,ridge,0.15407108783337747,0.19696313316451633,1.0,1.0
31,128,4,grid,knn,0.147490268879308,0.13621749396424493,1.0,1.0
31,128,4,pod_l2,ridge,0.15611193885434357,0.1975767254796706,0.9940588770390353,0.9484892359658517
31,128,4,pod_l2,knn,0.16178609103395075,0.24789129532231957,0.9940588770390353,0.9484892359658517
31,128,4,pod_gradient,ridge,0.15608932013461557,0.1975767254796706,0.9940588398322178,0.9485142046115419
31,128,4,pod_gradient,knn,0.16178425760216025,0.24789129532231957,0.9940588398322178,0.9485142046115419
31,128,8,grid,ridge,0.15407108783337747,0.19696313316451633,1.0,1.0
31,128,8,grid,knn,0.147490268879308,0.13621749396424493,1.0,1.0
31,128,8,pod_l2,ridge,0.15408216436454353,0.19819031779482482,0.9997815277771498,0.9950011690768958
31,128,8,pod_l2,knn,0.14796435816634218,0.14296700943094176,0.9997815277771498,0.9950011690768958
31,128,8,pod_gradient,ridge,0.1540821263143105,0.19819031779482482,0.9997815232129611,0.9950042683701129
31,128,8,pod_gradient,knn,0.14796588627668528,0.14358060174609602,0.9997815232129611,0.9950042683701129
31,128,16,grid,ridge,0.15407108783337747,0.19696313316451633,1.0,1.0
31,128,16,grid,knn,0.147490268879308,0.13621749396424493,1.0,1.0
31,128,16,pod_l2,ridge,0.1540710711503332,0.19819031779482482,0.9999991816031526,0.9999456842327241
31,128,16,pod_l2,knn,0.14749127971528755,0.13744467859455345,0.9999991816031526,0.9999456842327241
31,128,16,pod_gradient,ridge,0.15407108735184302,0.19819031779482482,0.9999991814509666,0.9999457917336518
31,128,16,pod_gradient,knn,0.14749121408299679,0.1380582709097077,0.9999991814509666,0.9999457917336518
37,128,2,grid,ridge,0.15569175204391245,0.23868741059500578,1.0,1.0
37,128,2,grid,knn,0.13520125969073898,0.15462526341887264,1.0,1.0
37,128,2,pod_l2,ridge,0.2115387224171612,0.33502140407422404,0.9474043581750169,0.7892428481004036
37,128,2,pod_l2,knn,0.23668037375841205,0.3429981041712294,0.9474043581750169,0.7892428481004036
37,128,2,pod_gradient,ridge,0.21153820627424783,0.33502140407422404,0.9474043544197643,0.7892454343793612
37,128,2,pod_gradient,knn,0.23668270544706965,0.3429981041712294,0.9474043544197643,0.7892454343793612
37,128,4,grid,ridge,0.15569175204391245,0.23868741059500578,1.0,1.0
37,128,4,grid,knn,0.13520125969073898,0.15462526341887264,1.0,1.0
37,128,4,pod_l2,ridge,0.15908976465088048,0.2000310947402876,0.9945246381658268,0.9520926909253548
37,128,4,pod_l2,knn,0.1504178008005998,0.20555342557667594,0.9945246381658268,0.9520926909253548
37,128,4,pod_gradient,ridge,0.15908534211228317,0.20064468705544186,0.9945246126014146,0.952110355803945
37,128,4,pod_gradient,knn,0.15041113916044976,0.20555342557667594,0.9945246126014146,0.952110355803945
37,128,8,grid,ridge,0.15569175204391245,0.23868741059500578,1.0,1.0
37,128,8,grid,knn,0.13520125969073898,0.15462526341887264,1.0,1.0
37,128,8,pod_l2,ridge,0.15568883198014494,0.2411417798556228,0.9998130669029085,0.9956525859505478
37,128,8,pod_l2,knn,0.13556378463662894,0.14542137869155874,0.9998130669029085,0.9956525859505478
37,128,8,pod_gradient,ridge,0.15568898471824827,0.2411417798556228,0.999813065662638,0.9956534493798846
37,128,8,pod_gradient,knn,0.13556396388768271,0.14542137869155874,0.999813065662638,0.9956534493798846
37,128,16,grid,ridge,0.15569175204391245,0.23868741059500578,1.0,1.0
37,128,16,grid,knn,0.13520125969073898,0.15462526341887264,1.0,1.0
37,128,16,pod_l2,ridge,0.1556917547583924,0.2380738182798515,0.9999993155153033,0.9999525934782977
37,128,16,pod_l2,knn,0.1352027478195971,0.15155730184310134,0.9999993155153033,0.9999525934782977
37,128,16,pod_gradient,ridge,0.1556917532103521,0.2380738182798515,0.9999993154512153,0.9999526401078345
37,128,16,pod_gradient,knn,0.13520276271165713,0.15155730184310134,0.9999993154512153,0.9999526401078345
41,128,2,grid,ridge,0.1592666276013429,0.18837284075235675,1.0,1.0
41,128,2,grid,knn,0.1597806502387651,0.11658253987930874,1.0,1.0
41,128,2,pod_l2,ridge,0.24117956805210755,0.3123184884135165,0.9395255131980436,0.7579814729447238
41,128,2,pod_l2,knn,0.2742078753744438,0.34483888111669214,0.9395255131980436,0.7579814729447238
41,128,2,pod_gradient,ridge,0.24117943783930093,0.3123184884135165,0.9395255128271639,0.7579817212343195
41,128,2,pod_gradient,knn,0.27420839493103377,0.34483888111669214,0.9395255128271639,0.7579817212343195
41,128,4,grid,ridge,0.1592666276013429,0.18837284075235675,1.0,1.0
41,128,4,grid,knn,0.1597806502387651,0.11658253987930874,1.0,1.0
41,128,4,pod_l2,ridge,0.16052183250444768,0.19144080232812805,0.9932492997279102,0.9410008186876685
41,128,4,pod_l2,knn,0.1789313968076279,0.23623304133438872,0.9932492997279102,0.9410008186876685
41,128,4,pod_gradient,ridge,0.1605001147954354,0.19144080232812805,0.9932492530169198,0.9410321979377713
41,128,4,pod_gradient,knn,0.17894543335778496,0.23623304133438872,0.9932492530169198,0.9410321979377713
41,128,8,grid,ridge,0.1592666276013429,0.18837284075235675,1.0,1.0
41,128,8,grid,knn,0.1597806502387651,0.11658253987930874,1.0,1.0
41,128,8,pod_l2,ridge,0.15925706338174678,0.19205439464328228,0.9997231043715401,0.9936531175397021
41,128,8,pod_l2,knn,0.1605179492046755,0.11474176293384597,0.9997231043715401,0.9936531175397021
41,128,8,pod_gradient,ridge,0.15925687982642373,0.19205439464328228,0.9997231009543842,0.9936554319289809
41,128,8,pod_gradient,knn,0.16051944455096784,0.11474176293384597,0.9997231009543842,0.9936554319289809
41,128,16,grid,ridge,0.1592666276013429,0.18837284075235675,1.0,1.0
41,128,16,grid,knn,0.1597806502387651,0.11658253987930874,1.0,1.0
41,128,16,pod_l2,ridge,0.15926658742790262,0.188986433067511,0.9999985736667388,0.9999026047107081
41,128,16,pod_l2,knn,0.159783139113805,0.11780972450961724,0.9999985736667388,0.9999026047107081
41,128,16,pod_gradient,ridge,0.15926658741026561,0.188986433067511,0.9999985733805087,0.999902806900694
41,128,16,pod_gradient,knn,0.15978313358290727,0.11780972450961724,0.9999985733805087,0.999902806900694
43,128,2,grid,ridge,0.1575418334914726,0.21414371798883547,1.0,1.0
43,128,2,grid,knn,0.14477627367679222,0.13192234775816514,1.0,1.0
43,128,2,pod_l2,ridge,0.21932612130458712,0.3337942194439155,0.9354170812255526,0.7475738170325483
43,128,2,pod_l2,knn,0.24624803105635765,0.3706097583531709,0.9354170812255526,0.7475738170325483
43,128,2,pod_gradient,ridge,0.21932643597225,0.3337942194439155,0.9354170783627844,0.7475757073847684
43,128,2,pod_gradient,knn,0.24624775685720843,0.3706097583531709,0.9354170783627844,0.7475757073847684
43,128,4,grid,ridge,0.1575418334914726,0.21414371798883547,1.0,1.0
43,128,4,grid,knn,0.14477627367679222,0.13192234775816514,1.0,1.0
43,128,4,pod_l2,ridge,0.16022746773835736,0.21414371798883547,0.9938251707385913,0.9449492049673655
43,128,4,pod_l2,knn,0.15828253194737882,0.23439226438892596,0.9938251707385913,0.9449492049673655
43,128,4,pod_gradient,ridge,0.16022460756030793,0.21414371798883547,0.9938251360790981,0.9449721727447294
43,128,4,pod_gradient,knn,0.15828121574625145,0.23439226438892596,0.9938251360790981,0.9449721727447294
43,128,8,grid,ridge,0.1575418334914726,0.21414371798883547,1.0,1.0
43,128,8,grid,knn,0.14477627367679222,0.13192234775816514,1.0,1.0
43,128,8,pod_l2,ridge,0.157536695451651,0.21414371798883552,0.9997106196071643,0.9934375838393035
43,128,8,pod_l2,knn,0.1454424042931838,0.14603497100671303,0.9997106196071643,0.9934375838393035
43,128,8,pod_gradient,ridge,0.15753656142433106,0.21414371798883552,0.999710612251176,0.9934424987487982
43,128,8,pod_gradient,knn,0.14544296234572807,0.14603497100671303,0.999710612251176,0.9934424987487982
43,128,16,grid,ridge,0.1575418334914726,0.21414371798883547,1.0,1.0
43,128,16,grid,knn,0.14477627367679222,0.13192234775816514,1.0,1.0
43,128,16,pod_l2,ridge,0.1575417668658135,0.21414371798883547,0.9999988329605107,0.9999213327534268
43,128,16,pod_l2,knn,0.14477848518125097,0.1337631247036279,0.9999988329605107,0.9999213327534268
43,128,16,pod_gradient,ridge,0.1575417651088818,0.21414371798883547,0.9999988326401474,0.9999215572262065
43,128,16,pod_gradient,knn,0.1447784880913226,0.1337631247036279,0.9999988326401474,0.9999215572262065
47,128,2,grid,ridge,0.15585575345277847,0.18653206380689397,1.0,1.0
47,128,2,grid,knn,0.1546823924859898,0.1356039016490907,1.0,1.0
47,128,2,pod_l2,ridge,0.23805914229806663,0.3693825737228624,0.9389941311966093,0.7603965887601813
47,128,2,pod_l2,knn,0.2608301905169984,0.38288160465625604,0.9389941311966093,0.7603965887601813
47,128,2,pod_gradient,ridge,0.2380595562161833,0.3693825737228624,0.9389941296069051,0.7603976560554159
47,128,2,pod_gradient,knn,0.26083130893333084,0.38288160465625604,0.9389941296069051,0.7603976560554159
47,128,4,grid,ridge,0.15585575345277847,0.18653206380689397,1.0,1.0
47,128,4,grid,knn,0.1546823924859898,0.1356039016490907,1.0,1.0
47,128,4,pod_l2,ridge,0.1575180562122553,0.21475731030398976,0.9942018324263973,0.9491375067498451
47,128,4,pod_l2,knn,0.1723070161874473,0.2098485717827557,0.9942018324263973,0.9491375067498451
47,128,4,pod_gradient,ridge,0.15750977340007669,0.21475731030398976,0.9942017964800148,0.9491617313060147
47,128,4,pod_gradient,knn,0.17231093980220077,0.2098485717827557,0.9942017964800148,0.9491617313060147
47,128,8,grid,ridge,0.15585575345277847,0.18653206380689397,1.0,1.0
47,128,8,grid,knn,0.1546823924859898,0.1356039016490907,1.0,1.0
47,128,8,pod_l2,ridge,0.15587288735638705,0.19144080232812805,0.999758241297761,0.9944504408001866
47,128,8,pod_l2,knn,0.15524958200275787,0.13069516312785662,0.999758241297761,0.9944504408001866
47,128,8,pod_gradient,ridge,0.15587306057712183,0.19144080232812805,0.9997582385304928,0.9944523250894592
47,128,8,pod_gradient,knn,0.15525138186705076,0.13069516312785662,0.9997582385304928,0.9944523250894592
47,128,16,grid,ridge,0.15585575345277847,0.18653206380689397,1.0,1.0
47,128,16,grid,knn,0.1546823924859898,0.1356039016490907,1.0,1.0
47,128,16,pod_l2,ridge,0.1558558084015935,0.1859184714917397,0.999999222945589,0.9999477626316513
47,128,16,pod_l2,knn,0.15468353556142125,0.13253594007331942,0.999999222945589,0.9999477626316513
47,128,16,pod_gradient,ridge,0.15585579864325702,0.1859184714917397,0.999999222768892,0.9999478879745366
47,128,16,pod_gradient,knn,0.15468358078871097,0.13253594007331942,0.999999222768892,0.9999478879745366
53,128,2,grid,ridge,0.15697852240002,0.26139032625571323,1.0,1.0
53,128,2,grid,knn,0.16550245079322848,0.17855536370988861,1.0,1.0
53,128,2,pod_l2,ridge,0.24218234090325197,0.3982214125351125,0.9386390996233525,0.7571219455933098
53,128,2,pod_l2,knn,0.2653327721575443,0.3877903431774901,0.9386390996233525,0.7571219455933098
53,128,2,pod_gradient,ridge,0.24218433919577156,0.3982214125351125,0.9386390967992163,0.757123831997333
53,128,2,pod_gradient,knn,0.2653354103193103,0.3877903431774901,0.9386390967992163,0.757123831997333
53,128,4,grid,ridge,0.15697852240002,0.26139032625571323,1.0,1.0
53,128,4,grid,knn,0.16550245079322848,0.17855536370988861,1.0,1.0
53,128,4,pod_l2,ridge,0.15695040369605007,0.25464081078901646,0.9936125463853744,0.9435582337376575
53,128,4,pod_l2,knn,0.17986753416000373,0.2785709110800324,0.9936125463853744,0.9435582337376575
53,128,4,pod_gradient,ridge,0.15694561135236929,0.25464081078901646,0.9936125078142717,0.9435840867305393
53,128,4,pod_gradient,knn,0.17986797989851058,0.2785709110800324,0.9936125078142717,0.9435840867305393
53,128,8,grid,ridge,0.15697852240002,0.26139032625571323,1.0,1.0
53,128,8,grid,knn,0.16550245079322848,0.17855536370988861,1.0,1.0
53,128,8,pod_l2,ridge,0.15700033716365672,0.2638446955163303,0.9997439335216571,0.9940223402914893
53,128,8,pod_l2,knn,0.1661057159860036,0.22396119503130363,0.9997439335216571,0.9940223402914893
53,128,8,pod_gradient,ridge,0.15699978013481491,0.2638446955163303,0.9997439284960447,0.9940257410068608
53,128,8,pod_gradient,knn,0.16610987159342244,0.22396119503130363,0.9997439284960447,0.9940257410068608
53,128,16,grid,ridge,0.15697852240002,0.26139032625571323,1.0,1.0
53,128,16,grid,knn,0.16550245079322848,0.17855536370988861,1.0,1.0
53,128,16,pod_l2,ridge,0.15697845387998788,0.26139032625571323,0.9999985954072953,0.9999039124129873
53,128,16,pod_l2,knn,0.16550474134371124,0.18100973297050565,0.9999985954072953,0.9999039124129873
53,128,16,pod_gradient,ridge,0.15697846656513853,0.26139032625571323,0.9999985949946707,0.9999042048777635
53,128,16,pod_gradient,knn,0.1655048074126204,0.18100973297050565,0.9999985949946707,0.9999042048777635
11,256,2,grid,ridge,0.16040402684093685,0.19696313316451636,1.0,1.0
11,256,2,grid,knn,0.1475283207579407,0.1533980787885641,1.0,1.0
11,256,2,pod_l2,ridge,0.23315272009813803,0.2485048876374739,0.9363108683693346,0.7486222349220135
11,256,2,pod_l2,knn,0.2517831210740721,0.28440003807399783,0.9363108683693346,0.7486222349220135
11,256,2,pod_gradient,ridge,0.23315275410783545,0.2485048876374739,0.9363108683283582,0.7486223434548378
11,256,2,pod_gradient,knn,0.25178323642669814,0.28440003807399783,0.9363108683283582,0.7486223434548378
11,256,4,grid,ridge,0.16040402684093685,0.19696313316451636,1.0,1.0
11,256,4,grid,knn,0.1475283207579407,0.1533980787885641,1.0,1.0
11,256,4,pod_l2,ridge,0.1620018321766489,0.1877592484372025,0.9931402487190861,0.9398988616102428
11,256,4,pod_l2,knn,0.1619373685731772,0.21322332951610412,0.9931402487190861,0.9398988616102428
11,256,4,pod_gradient,ridge,0.16199658417902263,0.1877592484372025,0.993140245906032,0.9399063186707839
11,256,4,pod_gradient,knn,0.16193823299887863,0.21322332951610412,0.993140245906032,0.9399063186707839
11,256,8,grid,ridge,0.16040402684093685,0.19696313316451636,1.0,1.0
11,256,8,grid,knn,0.1475283207579407,0.1533980787885641,1.0,1.0
11,256,8,pod_l2,ridge,0.16040845840500778,0.20279226015848179,0.9997044251033033,0.9930862407090206
11,256,8,pod_l2,knn,0.148179181414508,0.16290875967345508,0.9997044251033033,0.9930862407090206
11,256,8,pod_gradient,ridge,0.16040844513169736,0.20279226015848179,0.9997044248865998,0.9930868166722762
11,256,8,pod_gradient,knn,0.14817938306224207,0.16321555583103223,0.9997044248865998,0.9930868166722762
11,256,16,grid,ridge,0.16040402684093685,0.19696313316451636,1.0,1.0
11,256,16,grid,knn,0.1475283207579407,0.1533980787885641,1.0,1.0
11,256,16,pod_l2,ridge,0.16040423038893686,0.19696313316451636,0.9999982550023666,0.9998767091864075
11,256,16,pod_l2,knn,0.14752982743206028,0.15554565189160402,0.9999982550023666,0.9998767091864075
11,256,16,pod_gradient,ridge,0.16040422558043538,0.19696313316451636,0.9999982549843975,0.9998767573469621
11,256,16,pod_gradient,knn,0.1475298256243634,0.15554565189160402,0.9999982549843975,0.9998767573469621
17,256,2,grid,ridge,0.1609697186426758,0.19849711395240197,1.0,1.0
17,256,2,grid,knn,0.14230674424018916,0.12946797849754813,1.0,1.0
17,256,2,pod_l2,ridge,0.2389468013844247,0.3163068384620192,0.9421122900809694,0.7703725818942936
17,256,2,pod_l2,knn,0.2596499195482651,0.30188741905589417,0.9421122900809694,0.7703725818942936
17,256,2,pod_gradient,ridge,0.23894698918126966,0.3163068384620192,0.9421122898955647,0.7703730828537236
17,256,2,pod_gradient,knn,0.2596503642311335,0.30188741905589417,0.9421122898955647,0.7703730828537236
17,256,4,grid,ridge,0.1609697186426758,0.19849711395240197,1.0,1.0
17,256,4,grid,knn,0.14230674424018916,0.12946797849754813,1.0,1.0
17,256,4,pod_l2,ridge,0.16305120575411794,0.1988039101099791,0.9941105959970381,0.9482249163914742
17,256,4,pod_l2,knn,0.16117814760181468,0.22365439887372646,0.9941105959970381,0.9482249163914742
17,256,4,pod_gradient,ridge,0.16305185774742714,0.1988039101099791,0.9941105941538758,0.9482299008795763
17,256,4,pod_gradient,knn,0.16117819738156366,0.22365439887372646,0.9941105941538758,0.9482299008795763
17,256,8,grid,ridge,0.1609697186426758,0.19849711395240197,1.0,1.0
17,256,8,grid,knn,0.14230674424018916,0.12946797849754813,1.0,1.0
17,256,8,pod_l2,ridge,0.16096630651778304,0.20340585247363602,0.9997734397722511,0.9946486501354149
17,256,8,pod_l2,knn,0.142875899344039,0.14358060174609602,0.9997734397722511,0.9946486501354149
17,256,8,pod_gradient,ridge,0.1609662697173137,0.20340585247363602,0.9997734396091605,0.9946490920393752
17,256,8,pod_gradient,knn,0.14287587008886632,0.14358060174609602,0.9997734396091605,0.9946490920393752
17,256,16,grid,ridge,0.1609697186426758,0.19849711395240197,1.0,1.0
17,256,16,grid,knn,0.14230674424018916,0.12946797849754813,1.0,1.0
17,256,16,pod_l2,ridge,0.16096983932111392,0.19819031779482485,0.9999990326909105,0.9999307767922394
17,256,16,pod_l2,knn,0.1423086912688344,0.12885438618239387,0.9999990326909105,0.9999307767922394
17,256,16,pod_gradient,ridge,0.160969836016096,0.19819031779482485,0.9999990326741346,0.999930822773356
17,256,16,pod_gradient,knn,0.14230870492071632,0.12916118233997098,0.9999990326741346,0.999930822773356
23,256,2,grid,ridge,0.1537905071026713,0.22212041808584085,1.0,1.0
23,256,2,grid,knn,0.12879793298099723,0.16505633277649498,1.0,1.0
23,256,2,pod_l2,ridge,0.21540720999501337,0.356497135104623,0.9457246060947131,0.7792682216727291
23,256,2,pod_l2,knn,0.2297483491788021,0.3920854893835699,0.9457246060947131,0.7792682216727291
23,256,2,pod_gradient,ridge,0.21540732744628538,0.356497135104623,0.9457246059975004,0.7792684864783392
23,256,2,pod_gradient,knn,0.22974831299031084,0.3920854893835699,0.9457246059975004,0.7792684864783392
23,256,4,grid,ridge,0.1537905071026713,0.22212041808584085,1.0,1.0
23,256,4,grid,knn,0.12879793298099723,0.16505633277649498,1.0,1.0
23,256,4,pod_l2,ridge,0.15618563939310773,0.2107689602554871,0.9944326662203584,0.9490881767501137
23,256,4,pod_l2,knn,0.14456149463555587,0.23746022596469726,0.9944326662203584,0.9490881767501137
23,256,4,pod_gradient,ridge,0.15618309163880675,0.2107689602554871,0.9944326645012395,0.9490928635532777
23,256,4,pod_gradient,knn,0.14456578489462207,0.23746022596469726,0.9944326645012395,0.9490928635532777
23,256,8,grid,ridge,0.1537905071026713,0.22212041808584085,1.0,1.0
23,256,8,grid,knn,0.12879793298099723,0.16505633277649498,1.0,1.0
23,256,8,pod_l2,ridge,0.15382276837716585,0.21353012567368124,0.9997849532855059,0.9948229167127063
23,256,8,pod_l2,knn,0.129197748171422,0.16812429435226628,0.9997849532855059,0.9948229167127063
23,256,8,pod_gradient,ridge,0.1538228765854191,0.2138369218312584,0.9997849528493831,0.994824108804108
23,256,8,pod_gradient,knn,0.1291980626985476,0.16812429435226628,0.9997849528493831,0.994824108804108
23,256,16,grid,ridge,0.1537905071026713,0.22212041808584085,1.0,1.0
23,256,16,grid,knn,0.12879793298099723,0.16505633277649498,1.0,1.0
23,256,16,pod_l2,ridge,0.15379053536733042,0.22242721424341796,0.9999992104242528,0.9999401859252632
23,256,16,pod_l2,knn,0.12879865417627784,0.16474953661891786,0.9999992104242528,0.9999401859252632
23,256,16,pod_gradient,ridge,0.1537905356884229,0.22242721424341796,0.9999992104005112,0.9999402518485452
23,256,16,pod_gradient,knn,0.12879865285286501,0.16474953661891786,0.9999992104005112,0.9999402518485452
29,256,2,grid,ridge,0.1599666634718421,0.2282563412373834,1.0,1.0
29,256,2,grid,knn,0.14912155804875374,0.1607611865704152,1.0,1.0
29,256,2,pod_l2,ridge,0.23000596081344654,0.4371845245474077,0.9379460108874141,0.7559542297223821
29,256,2,pod_l2,knn,0.25133364756491977,0.4331961744989051,0.9379460108874141,0.7559542297223821
29,256,2,pod_gradient,ridge,0.23000611780237867,0.4371845245474077,0.9379460108336899,0.7559543731799073
29,256,2,pod_gradient,knn,0.25133349796357984,0.4331961744989051,0.9379460108336899,0.7559543731799073
29,256,4,grid,ridge,0.1599666634718421,0.2282563412373834,1.0,1.0
29,256,4,grid,knn,0.14912155804875374,0.1607611865704152,1.0,1.0
29,256,4,pod_l2,ridge,0.16224418622250655,0.23930100291016002,0.993998157382354,0.9471331273032146
29,256,4,pod_l2,knn,0.16781724619391167,0.27519615334668407,0.993998157382354,0.9471331273032146
29,256,4,pod_gradient,ridge,0.1622450563617432,0.23930100291016002,0.9939981549878106,0.947139526975912
29,256,4,pod_gradient,knn,0.16781633426906678,0.27519615334668407,0.9939981549878106,0.947139526975912
29,256,8,grid,ridge,0.1599666634718421,0.2282563412373834,1.0,1.0
29,256,8,grid,knn,0.14912155804875374,0.1607611865704152,1.0,1.0
29,256,8,pod_l2,ridge,0.15997374159943623,0.23224469128588607,0.9997495641409465,0.9941736220961603
29,256,8,pod_l2,knn,0.14976850317112672,0.18653206380689397,0.9997495641409465,0.9941736220961603
29,256,8,pod_gradient,ridge,0.15997369865911165,0.23224469128588607,0.9997495639972028,0.9941740072174561
29,256,8,pod_gradient,knn,0.14976852833289933,0.18653206380689397,0.9997495639972028,0.9941740072174561
29,256,16,grid,ridge,0.1599666634718421,0.2282563412373834,1.0,1.0
29,256,16,grid,knn,0.14912155804875374,0.1607611865704152,1.0,1.0
29,256,16,pod_l2,ridge,0.15996693109048624,0.22917672971011477,0.99999896523972,0.99992746395594
29,256,16,pod_l2,knn,0.14912327461863395,0.16106798272799233,0.99999896523972,0.99992746395594
29,256,16,pod_gradient,ridge,0.15996693083987784,0.22917672971011477,0.9999989652201151,0.9999275171453246
29,256,16,pod_gradient,knn,0.14912327565430095,0.16106798272799233,0.9999989652201151,0.9999275171453246
31,256,2,grid,ridge,0.15407108742419262,0.19389517158874503,1.0,1.0
31,256,2,grid,knn,0.147490268879308,0.13652429012182205,1.0,1.0
31,256,2,pod_l2,ridge,0.2328151900263861,0.3890175278077986,0.9378145651590145,0.7571364633206485
31,256,2,pod_l2,knn,0.25199031360187785,0.41233403578366035,0.9378145651590145,0.7571364633206485
31,256,2,pod_gradient,ridge,0.23281536915220805,0.3890175278077986,0.9378145649834947,0.7571369317513196
31,256,2,pod_gradient,knn,0.25199050534929696,0.41233403578366035,0.9378145649834947,0.7571369317513196
31,256,4,grid,ridge,0.15407108742419262,0.19389517158874503,1.0,1.0
31,256,4,grid,knn,0.147490268879308,0.13652429012182205,1.0,1.0
31,256,4,pod_l2,ridge,0.15611193837005125,0.19174759848570516,0.9940588770390353,0.9481385939337967
31,256,4,pod_l2,knn,0.1617860910339506,0.248811683795051,0.9940588770390353,0.9481385939337967
31,256,4,pod_gradient,ridge,0.15610618931624262,0.19174759848570516,0.9940588746423332,0.9481449960473263
31,256,4,pod_gradient,knn,0.16178561018142235,0.248811683795051,0.9940588746423332,0.9481449960473263
31,256,8,grid,ridge,0.15407108742419262,0.19389517158874503,1.0,1.0
31,256,8,grid,knn,0.147490268879308,0.13652429012182205,1.0,1.0
31,256,8,pod_l2,ridge,0.15408216395518234,0.19880391010997908,0.9997815277771498,0.9949083765254578
31,256,8,pod_l2,knn,0.14796435816634196,0.1445009902188274,0.9997815277771498,0.9949083765254578
31,256,8,pod_gradient,ridge,0.154082153984261,0.19880391010997908,0.9997815274597702,0.994909226873947
31,256,8,pod_gradient,knn,0.14796475826023742,0.1445009902188274,0.9997815274597702,0.994909226873947
31,256,16,grid,ridge,0.15407108742419262,0.19389517158874503,1.0,1.0
31,256,16,grid,knn,0.147490268879308,0.13652429012182205,1.0,1.0
31,256,16,pod_l2,ridge,0.1540710707411454,0.1945087639038993,0.9999991816031526,0.9999425836054472
31,256,16,pod_l2,knn,0.14749127971528736,0.1398990478551705,0.9999991816031526,0.9999425836054472
31,256,16,pod_gradient,ridge,0.1540710752985374,0.1945087639038993,0.9999991815896961,0.999942620051937
31,256,16,pod_gradient,knn,0.14749126079548072,0.1398990478551705,0.9999991815896961,0.999942620051937
37,256,2,grid,ridge,0.1556917524016816,0.23224469128588607,1.0,1.0
37,256,2,grid,knn,0.13520125969073898,0.15186409800067846,1.0,1.0
37,256,2,pod_l2,ridge,0.21153872234247303,0.3390097541227267,0.9474043581750169,0.7887068439737809
37,256,2,pod_l2,knn,0.236680373758412,0.3485204350076177,0.9474043581750169,0.7887068439737809
37,256,2,pod_gradient,ridge,0.21153859252929244,0.3390097541227267,0.9474043579375809,0.7887074967123657
37,256,2,pod_gradient,knn,0.2366809598820138,0.3485204350076177,0.9474043579375809,0.7887074967123657
37,256,4,grid,ridge,0.1556917524016816,0.23224469128588607,1.0,1.0
37,256,4,grid,knn,0.13520125969073898,0.15186409800067846,1.0,1.0
37,256,4,pod_l2,ridge,0.15908976486818796,0.19634954084936207,0.9945246381658268,0.9517804718720955
37,256,4,pod_l2,knn,0.15041780080059983,0.20708740636456158,0.9945246381658268,0.9517804718720955
37,256,4,pod_gradient,ridge,0.15908863836074957,0.19634954084936207,0.9945246365221087,0.9517849944015273
37,256,4,pod_gradient,knn,0.15041609743404222,0.20708740636456158,0.9945246365221087,0.9517849944015273
37,256,8,grid,ridge,0.1556917524016816,0.23224469128588607,1.0,1.0
37,256,8,grid,knn,0.13520125969073898,0.15186409800067846,1.0,1.0
37,256,8,pod_l2,ridge,0.15568883233816427,0.23592624517681166,0.9998130669029085,0.9955745315475267
37,256,8,pod_l2,knn,0.13556378463662905,0.1466485633218673,0.9998130669029085,0.9955745315475267
37,256,8,pod_gradient,ridge,0.1556888725164876,0.23592624517681166,0.9998130668183004,0.9955747647852216
37,256,8,pod_gradient,knn,0.13556383328477906,0.1466485633218673,0.9998130668183004,0.9955747647852216
37,256,16,grid,ridge,0.1556917524016816,0.23224469128588607,1.0,1.0
37,256,16,grid,knn,0.13520125969073898,0.15186409800067846,1.0,1.0
37,256,16,pod_l2,ridge,0.15569175511616265,0.23224469128588607,0.9999993155153033,0.9999498469054273
37,256,16,pod_l2,knn,0.13520274781959724,0.15033011721279282,0.9999993155153033,0.9999498469054273
37,256,16,pod_gradient,ridge,0.15569175469012383,0.23224469128588607,0.9999993155096996,0.9999498625396603
37,256,16,pod_gradient,knn,0.13520275214294902,0.15033011721279282,0.9999993155096996,0.9999498625396603
41,256,2,grid,ridge,0.1592666271741534,0.19358837543116794,1.0,1.0
41,256,2,grid,knn,0.1597806502387651,0.11412817061869171,1.0,1.0
41,256,2,pod_l2,ridge,0.2411795680354254,0.3098641191528995,0.9395255131980437,0.7573361874763612
41,256,2,pod_l2,knn,0.27420787537444385,0.3429981041712294,0.9395255131980437,0.7573361874763612
41,256,2,pod_gradient,ridge,0.2411795352440793,0.3098641191528995,0.9395255131744986,0.7573362503840729
41,256,2,pod_gradient,knn,0.27420800643433074,0.3429981041712294,0.9395255131744986,0.7573362503840729
41,256,4,grid,ridge,0.1592666271741534,0.19358837543116794,1.0,1.0
41,256,4,grid,knn,0.1597806502387651,0.11412817061869171,1.0,1.0
41,256,4,pod_l2,ridge,0.16052183194794215,0.1942019677463222,0.9932492997279102,0.9405922945730731
41,256,4,pod_l2,knn,0.178931396807628,0.24083498369804568,0.9932492997279102,0.9405922945730731
41,256,4,pod_gradient,ridge,0.16051631216620135,0.19450876390389932,0.9932492967225804,0.9406003311950437
41,256,4,pod_gradient,knn,0.17893492866554855,0.24083498369804568,0.9932492967225804,0.9406003311950437
41,256,8,grid,ridge,0.1592666271741534,0.19358837543116794,1.0,1.0
41,256,8,grid,knn,0.1597806502387651,0.11412817061869171,1.0,1.0
41,256,8,pod_l2,ridge,0.1592570629532855,0.19573594853420784,0.9997231043715401,0.993534995840786
41,256,8,pod_l2,knn,0.16051794920467552,0.11780972450961724,0.9997231043715401,0.993534995840786
41,256,8,pod_gradient,ridge,0.1592570149594849,0.19573594853420784,0.9997231041366381,0.9935356253138697
41,256,8,pod_gradient,knn,0.1605183359500017,0.11780972450961724,0.9997231041366381,0.9935356253138697
41,256,16,grid,ridge,0.1592666271741534,0.19358837543116794,1.0,1.0
41,256,16,grid,knn,0.1597806502387651,0.11412817061869171,1.0,1.0
41,256,16,pod_l2,ridge,0.15926658700070995,0.19236119080085942,0.9999985736667388,0.9998967654475197
41,256,16,pod_l2,knn,0.159783139113805,0.11228739367322893,0.9999985736667388,0.9998967654475197
41,256,16,pod_gradient,ridge,0.15926658710471542,0.19236119080085942,0.999998573641404,0.9998968341181709
41,256,16,pod_gradient,knn,0.15978313751729384,0.11228739367322893,0.999998573641404,0.9998968341181709
43,256,2,grid,ridge,0.15754183381482928,0.2205864372979552,1.0,1.0
43,256,2,grid,knn,0.14477627367679222,0.1346835131763593,1.0,1.0
43,256,2,pod_l2,ridge,0.2193261212366015,0.332567034813607,0.9354170812255526,0.7469184460789606
43,256,2,pod_l2,knn,0.24624803105635779,0.36784859293497674,0.9354170812255526,0.7469184460789606
43,256,2,pod_gradient,ridge,0.2193261998305746,0.332567034813607,0.9354170810444292,0.74691892339488
43,256,2,pod_gradient,knn,0.2462479617344428,0.36784859293497674,0.9354170810444292,0.74691892339488
43,256,4,grid,ridge,0.15754183381482928,0.2205864372979552,1.0,1.0
43,256,4,grid,knn,0.14477627367679222,0.1346835131763593,1.0,1.0
43,256,4,pod_l2,ridge,0.160227467968439,0.2205864372979552,0.9938251707385913,0.9445484320720394
43,256,4,pod_l2,knn,0.1582825319473788,0.23623304133438877,0.9938251707385913,0.9445484320720394
43,256,4,pod_gradient,ridge,0.1602267407514115,0.2205864372979552,0.9938251685074974,0.944554316933478
43,256,4,pod_gradient,knn,0.15828218959948087,0.23623304133438877,0.9938251685074974,0.944554316933478
43,256,8,grid,ridge,0.15754183381482928,0.2205864372979552,1.0,1.0
43,256,8,grid,knn,0.14477627367679222,0.1346835131763593,1.0,1.0
43,256,8,pod_l2,ridge,0.15753669577437193,0.22273401040099508,0.9997106196071643,0.993314596923466
43,256,8,pod_l2,knn,0.14544240429318375,0.14940972874006145,0.9997106196071643,0.993314596923466
43,256,8,pod_gradient,ridge,0.15753666009282585,0.22273401040099508,0.9997106191033365,0.9933159286467627
43,256,8,pod_gradient,knn,0.14544254778210433,0.14940972874006145,0.9997106191033365,0.9933159286467627
43,256,16,grid,ridge,0.15754183381482928,0.2205864372979552,1.0,1.0
43,256,16,grid,knn,0.14477627367679222,0.1346835131763593,1.0,1.0
43,256,16,pod_l2,ridge,0.15754176718916493,0.22089323345553233,0.9999988329605107,0.9999165849233317
43,256,16,pod_l2,knn,0.14477848518125097,0.1356039016490907,0.9999988329605107,0.9999165849233317
43,256,16,pod_gradient,ridge,0.15754176676198464,0.22089323345553233,0.9999988329318905,0.999916661563463
43,256,16,pod_gradient,knn,0.14477848629984907,0.1356039016490907,0.9999988329318905,0.999916661563463
47,256,2,grid,ridge,0.15585575354165457,0.18438449070385404,1.0,1.0
47,256,2,grid,knn,0.1546823924859898,0.13867186322486197,1.0,1.0
47,256,2,pod_l2,ridge,0.23805914226124275,0.37091655451074806,0.9389941311966093,0.7597871543592759
47,256,2,pod_l2,knn,0.2608301905169985,0.3847223816017188,0.9389941311966093,0.7597871543592759
47,256,2,pod_gradient,ridge,0.23805924616782406,0.37091655451074806,0.9389941310961181,0.7597874236661702
47,256,2,pod_gradient,knn,0.2608304714255372,0.3847223816017188,0.9389941310961181,0.7597874236661702
47,256,4,grid,ridge,0.15585575354165457,0.18438449070385404,1.0,1.0
47,256,4,grid,knn,0.1546823924859898,0.13867186322486197,1.0,1.0
47,256,4,pod_l2,ridge,0.15751805618430798,0.21107575641306422,0.9942018324263973,0.9487858323665245
47,256,4,pod_l2,knn,0.17230701618744718,0.21629129109187542,0.9942018324263973,0.9487858323665245
47,256,4,pod_gradient,ridge,0.1575159496424891,0.21107575641306422,0.9942018301110521,0.9487920431327733
47,256,4,pod_gradient,knn,0.1723080030034361,0.21629129109187542,0.9942018301110521,0.9487920431327733
47,256,8,grid,ridge,0.15585575354165457,0.18438449070385404,1.0,1.0
47,256,8,grid,knn,0.1546823924859898,0.13867186322486197,1.0,1.0
47,256,8,pod_l2,ridge,0.15587288744521377,0.18653206380689397,0.999758241297761,0.9943473106010695
47,256,8,pod_l2,knn,0.15524958200275774,0.13836506706728485,0.999758241297761,0.9943473106010695
47,256,8,pod_gradient,ridge,0.15587293230736504,0.18653206380689397,0.9997582411065069,0.9943478249888219
47,256,8,pod_gradient,knn,0.15525004618676888,0.13836506706728485,0.9997582411065069,0.9943478249888219
47,256,16,grid,ridge,0.15585575354165457,0.18438449070385404,1.0,1.0
47,256,16,grid,knn,0.1546823924859898,0.13867186322486197,1.0,1.0
47,256,16,pod_l2,ridge,0.1558558084904714,0.18438449070385407,0.999999222945589,0.9999447200873463
47,256,16,pod_l2,knn,0.15468353556142111,0.1371378824369763,0.999999222945589,0.9999447200873463
47,256,16,pod_gradient,ridge,0.1558558058434158,0.18438449070385407,0.9999992229299728,0.9999447625589261
47,256,16,pod_gradient,knn,0.15468354815100951,0.1371378824369763,0.9999992229299728,0.9999447625589261
53,256,2,grid,ridge,0.15697852293499232,0.26169712241329035,1.0,1.0
53,256,2,grid,knn,0.16550245079322848,0.18315730607354555,1.0,1.0
53,256,2,pod_l2,ridge,0.24218234084865636,0.3957670432744954,0.9386390996233525,0.7564733465964408
53,256,2,pod_l2,knn,0.26533277215754336,0.3890175278077985,0.9386390996233525,0.7564733465964408
53,256,2,pod_gradient,ridge,0.24218284229469994,0.3957670432744954,0.9386390994451377,0.7564738217063486
53,256,2,pod_gradient,knn,0.26533343345035965,0.3890175278077985,0.9386390994451377,0.7564738217063486
53,256,4,grid,ridge,0.15697852293499232,0.26169712241329035,1.0,1.0
53,256,4,grid,knn,0.16550245079322848,0.18315730607354555,1.0,1.0
53,256,4,pod_l2,ridge,0.15695040392556722,0.2564815877344792,0.9936125463853744,0.9431557248132225
53,256,4,pod_l2,knn,0.1798675341600038,0.2804116880254952,0.9936125463853744,0.9431557248132225
53,256,4,pod_gradient,ridge,0.15694917990132187,0.2564815877344792,0.9936125439004792,0.9431623551399305
53,256,4,pod_gradient,knn,0.1798676397053119,0.2804116880254952,0.9936125439004792,0.9431623551399305
53,256,8,grid,ridge,0.15697852293499232,0.26169712241329035,1.0,1.0
53,256,8,grid,knn,0.16550245079322848,0.18315730607354555,1.0,1.0
53,256,8,pod_l2,ridge,0.15700033769849359,0.26353789935875316,0.9997439335216571,0.993906522617991
53,256,8,pod_l2,knn,0.1661057159860036,0.22396119503130363,0.9997439335216571,0.993906522617991
53,256,8,pod_gradient,ridge,0.15700018899989382,0.26353789935875316,0.9997439331754879,0.9939074485408446
53,256,8,pod_gradient,knn,0.16610679783330085,0.22396119503130363,0.9997439331754879,0.9939074485408446
53,256,16,grid,ridge,0.15697852293499232,0.26169712241329035,1.0,1.0
53,256,16,grid,knn,0.16550245079322848,0.18315730607354555,1.0,1.0
53,256,16,pod_l2,ridge,0.15697845441494057,0.2620039185708675,0.9999985954072953,0.9998980821036366
53,256,16,pod_l2,knn,0.16550474134371124,0.18008934449777428,0.9999985954072953,0.9998980821036366
53,256,16,pod_gradient,ridge,0.15697845781688752,0.2620039185708675,0.9999985953701064,0.9998981828447872
53,256,16,pod_gradient,knn,0.1655047602053979,0.18008934449777428,0.9999985953701064,0.9998981828447872
