pde,case,preservation,first_passing_rank,stable_boundary_rank,boundary_width_steps,order_violations,resolved
burgers,0,state,32,32,0,0,True
burgers,0,dynamics,16,16,0,0,True
burgers,0,inference,8,8,0,0,True
burgers,0,decision,2,2,0,0,True
burgers,1,state,32,32,0,0,True
burgers,1,dynamics,16,16,0,0,True
burgers,1,inference,16,16,0,0,True
burgers,1,decision,2,2,0,0,True
burgers,2,state,16,16,0,0,True
burgers,2,dynamics,8,8,0,0,True
burgers,2,inference,8,8,0,0,True
burgers,2,decision,8,8,0,0,True
burgers,3,state,32,32,0,0,True
burgers,3,dynamics,16,16,0,0,True
burgers,3,inference,16,16,0,0,True
burgers,3,decision,2,2,0,0,True
burgers,4,state,32,32,0,0,True
burgers,4,dynamics,16,16,0,0,True
burgers,4,inference,16,16,0,0,True
burgers,4,decision,2,2,0,0,True
burgers,5,state,32,32,0,0,True
burgers,5,dynamics,16,16,0,0,True
burgers,5,inference,16,16,0,0,True
burgers,5,decision,2,2,0,0,True
burgers,6,state,16,16,0,0,True
burgers,6,dynamics,16,16,0,0,True
burgers,6,inference,16,16,0,0,True
burgers,6,decision,2,2,0,0,True
burgers,7,state,16,16,0,0,True
burgers,7,dynamics,16,16,0,0,True
burgers,7,inference,16,16,0,0,True
burgers,7,decision,32,32,0,0,True
burgers,8,state,32,32,0,0,True
burgers,8,dynamics,16,16,0,0,True
burgers,8,inference,32,32,0,0,True
burgers,8,decision,2,2,0,0,True
burgers,9,state,32,32,0,0,True
burgers,9,dynamics,16,16,0,0,True
burgers,9,inference,16,16,0,0,True
burgers,9,decision,2,2,0,0,True
damped_wave,0,state,32,32,0,0,True
damped_wave,0,dynamics,32,32,0,0,True
damped_wave,0,inference,32,32,0,0,True
damped_wave,0,decision,2,2,0,0,True
damped_wave,1,state,32,32,0,0,True
damped_wave,1,dynamics,32,32,0,0,True
damped_wave,1,inference,32,32,0,0,True
damped_wave,1,decision,2,2,0,0,True
damped_wave,2,state,32,32,0,0,True
damped_wave,2,dynamics,32,32,0,0,True
damped_wave,2,inference,16,16,0,0,True
damped_wave,2,decision,2,2,0,0,True
damped_wave,3,state,32,32,0,0,True
damped_wave,3,dynamics,32,32,0,0,True
damped_wave,3,inference,32,32,0,0,True
damped_wave,3,decision,4,4,0,0,True
damped_wave,4,state,32,32,0,0,True
damped_wave,4,dynamics,32,32,0,0,True
damped_wave,4,inference,16,16,0,0,True
damped_wave,4,decision,2,2,0,0,True
damped_wave,5,state,32,32,0,0,True
damped_wave,5,dynamics,32,32,0,0,True
damped_wave,5,inference,16,16,0,0,True
damped_wave,5,decision,2,2,0,0,True
damped_wave,6,state,32,32,0,0,True
damped_wave,6,dynamics,32,32,0,0,True
damped_wave,6,inference,16,16,0,0,True
damped_wave,6,decision,2,2,0,0,True
damped_wave,7,state,32,32,0,0,True
damped_wave,7,dynamics,32,32,0,0,True
damped_wave,7,inference,32,32,0,0,True
damped_wave,7,decision,2,2,0,0,True
damped_wave,8,state,32,32,0,0,True
damped_wave,8,dynamics,32,32,0,0,True
damped_wave,8,inference,16,16,0,0,True
damped_wave,8,decision,2,2,0,0,True
damped_wave,9,state,32,32,0,0,True
damped_wave,9,dynamics,16,16,0,0,True
damped_wave,9,inference,16,16,0,0,True
damped_wave,9,decision,2,2,0,0,True
