pde,case,true_parameter,pod_modes,state_relative_l2,dynamics_relative_l2,posterior_total_variation,action_disagreement,false_safe_rate,false_alarm_rate,truth_false_safe_rate,truth_false_alarm_rate,true_hazard,hazard_threshold
burgers,0,0.024,2,0.8829812666690026,0.8489643893683024,0.4507522616937508,0.0,0.0,0.0,0.0,0.0,True,0.1345071902171114
burgers,0,0.024,4,0.6164472041464766,0.5980417812074014,0.3768549015747619,0.0,0.0,0.0,0.0,0.0,True,0.1345071902171114
burgers,0,0.024,8,0.3198747094418981,0.30895323066520647,0.07537656412328296,0.0,0.0,0.0,0.0,0.0,True,0.1345071902171114
burgers,0,0.024,16,0.059851744155134,0.03410379231164269,0.04340317567975996,0.0,0.0,0.0,0.0,0.0,True,0.1345071902171114
burgers,0,0.024,32,0.001713926376542276,0.00036623523497866583,0.004307181372791338,0.0,0.0,0.0,0.0,0.0,True,0.1345071902171114
burgers,0,0.024,64,1.8868809358001123e-15,1.822328734775558e-15,1.4076389615656855e-14,0.0,0.0,0.0,0.0,0.0,True,0.1345071902171114
burgers,1,0.03,2,0.9632213840973238,0.9570300535076381,0.3471690005916137,0.0,0.0,0.0,0.0,0.0,True,0.1345071902171114
burgers,1,0.03,4,0.6756216861399141,0.6267680619236191,0.33849601591121004,0.0,0.0,0.0,0.0,0.0,True,0.1345071902171114
burgers,1,0.03,8,0.49420370779923345,0.42558332172598323,0.3183548630211778,0.0,0.0,0.0,0.0,0.0,True,0.1345071902171114
burgers,1,0.03,16,0.0889644162132616,0.05353721782476119,0.05725960217741501,0.0,0.0,0.0,0.0,0.0,True,0.1345071902171114
burgers,1,0.03,32,0.0036546908561131703,0.0005276037911628869,0.004199457379196133,0.0,0.0,0.0,0.0,0.0,True,0.1345071902171114
burgers,1,0.03,64,1.278675342347425e-15,9.176375172929176e-16,2.2997855677471897e-14,0.0,0.0,0.0,0.0,0.0,True,0.1345071902171114
burgers,2,0.036,2,0.8299249220945955,0.8248015364068966,0.24414489799284542,0.36666666666666664,0.23333333333333334,0.13333333333333333,0.0,0.3333333333333333,False,0.1345071902171114
burgers,2,0.036,4,0.31209710608536906,0.2671397951476335,0.22175236697376474,0.26666666666666666,0.2,0.06666666666666667,0.0,0.3,False,0.1345071902171114
burgers,2,0.036,8,0.16633126385843208,0.13577984335378251,0.047417448380846536,0.03333333333333333,0.03333333333333333,0.0,0.0,0.4,False,0.1345071902171114
burgers,2,0.036,16,0.027634175441896107,0.01245187407308719,0.018072298773762367,0.03333333333333333,0.0,0.03333333333333333,0.0,0.4666666666666667,False,0.1345071902171114
burgers,2,0.036,32,0.0007618132592290622,7.424563459912887e-05,0.0006507496758108104,0.0,0.0,0.0,0.0,0.43333333333333335,False,0.1345071902171114
burgers,2,0.036,64,1.0409037060670637e-15,6.69380071990537e-16,8.698431605355892e-15,0.0,0.0,0.0,0.0,0.43333333333333335,False,0.1345071902171114
burgers,3,0.044,2,0.8918652811042606,0.8689330547836348,0.32114026393265555,0.0,0.0,0.0,0.0,0.0,True,0.1345071902171114
burgers,3,0.044,4,0.5469369362652813,0.5286579837183222,0.26015464696692997,0.0,0.0,0.0,0.0,0.0,True,0.1345071902171114
burgers,3,0.044,8,0.4584709110176996,0.4151362602285563,0.22277380890914023,0.0,0.0,0.0,0.0,0.0,True,0.1345071902171114
burgers,3,0.044,16,0.05328300257655097,0.027272564221869817,0.028456974470270728,0.0,0.0,0.0,0.0,0.0,True,0.1345071902171114
burgers,3,0.044,32,0.001944844997417872,0.00017183493253989773,0.0013650738371486272,0.0,0.0,0.0,0.0,0.0,True,0.1345071902171114
burgers,3,0.044,64,1.8347685908723988e-15,1.594065132159813e-15,1.0424839928296093e-14,0.0,0.0,0.0,0.0,0.0,True,0.1345071902171114
burgers,4,0.052,2,0.704939392916746,0.7035186208349354,0.4503568006152816,0.0,0.0,0.0,0.0,0.0,True,0.1345071902171114
burgers,4,0.052,4,0.5588170333955875,0.5447242853678996,0.3663126712744343,0.0,0.0,0.0,0.0,0.0,True,0.1345071902171114
burgers,4,0.052,8,0.41200277197132606,0.35208871477538173,0.30619229328897185,0.0,0.0,0.0,0.0,0.0,True,0.1345071902171114
burgers,4,0.052,16,0.05166842351952955,0.023016104056868394,0.03432382651929592,0.0,0.0,0.0,0.0,0.0,True,0.1345071902171114
burgers,4,0.052,32,0.002739740831065067,0.0001682892602888741,0.002380819438353257,0.0,0.0,0.0,0.0,0.0,True,0.1345071902171114
burgers,4,0.052,64,9.25584639987869e-16,7.379474540439732e-16,6.106583419612379e-15,0.0,0.0,0.0,0.0,0.0,True,0.1345071902171114
burgers,5,0.062,2,1.0790381756358238,1.07548063312816,0.6742767234435512,0.0,0.0,0.0,0.0,0.0,True,0.1345071902171114
burgers,5,0.062,4,0.8571175984586742,0.8064117515981277,0.4787982301916955,0.0,0.0,0.0,0.0,0.0,True,0.1345071902171114
burgers,5,0.062,8,0.6901912998202786,0.6096266244482372,0.4006014622069291,0.0,0.0,0.0,0.0,0.0,True,0.1345071902171114
burgers,5,0.062,16,0.12276286536198308,0.04559394943475282,0.09821083338888127,0.0,0.0,0.0,0.0,0.0,True,0.1345071902171114
burgers,5,0.062,32,0.005084096915171128,0.00017364059958936148,0.004147698736464765,0.0,0.0,0.0,0.0,0.0,True,0.1345071902171114
burgers,5,0.062,64,1.2775597543028523e-15,9.092339081790768e-16,4.66613014879251e-15,0.0,0.0,0.0,0.0,0.0,True,0.1345071902171114
burgers,6,0.018,2,0.4096163853665162,0.3768651217492834,0.5278708192861903,0.0,0.0,0.0,0.0,0.0,True,0.1345071902171114
burgers,6,0.018,4,0.39670790350995616,0.36894292685286767,0.36871899623559834,0.0,0.0,0.0,0.0,0.0,True,0.1345071902171114
burgers,6,0.018,8,0.24412135962069362,0.19168336749024947,0.1258422562315272,0.0,0.0,0.0,0.0,0.0,True,0.1345071902171114
burgers,6,0.018,16,0.027899694745211853,0.013042651719523903,0.054269874976189764,0.0,0.0,0.0,0.0,0.0,True,0.1345071902171114
burgers,6,0.018,32,0.005276506460255394,0.00035552888056112616,0.0193152157733779,0.0,0.0,0.0,0.0,0.0,True,0.1345071902171114
burgers,6,0.018,64,1.2225482105607612e-15,1.031140621313183e-15,7.822570269172734e-15,0.0,0.0,0.0,0.0,0.0,True,0.1345071902171114
burgers,7,0.024,2,0.45023986912143144,0.4297992175278879,0.40143625343152334,0.13333333333333333,0.13333333333333333,0.0,0.0,0.0,False,0.1345071902171114
burgers,7,0.024,4,0.42072228659050653,0.40325871615454195,0.36181448263076127,0.13333333333333333,0.13333333333333333,0.0,0.0,0.0,False,0.1345071902171114
burgers,7,0.024,8,0.27167209880776316,0.2537314140796046,0.2848848610617859,0.13333333333333333,0.13333333333333333,0.0,0.0,0.0,False,0.1345071902171114
burgers,7,0.024,16,0.03303284715883585,0.016856935848276678,0.0689994583503128,0.06666666666666667,0.03333333333333333,0.03333333333333333,0.0,0.13333333333333333,False,0.1345071902171114
burgers,7,0.024,32,0.0012896162803719175,0.00015515084112322698,0.006618059642162133,0.0,0.0,0.0,0.0,0.13333333333333333,False,0.1345071902171114
burgers,7,0.024,64,1.3718922477880311e-15,1.1630091548647146e-15,1.0902657007084382e-14,0.0,0.0,0.0,0.0,0.13333333333333333,False,0.1345071902171114
burgers,8,0.03,2,0.8361546129189679,0.8333576496323772,0.4071079562539287,0.0,0.0,0.0,0.0,0.0,True,0.1345071902171114
burgers,8,0.03,4,0.79058052962912,0.763941621321351,0.4017268818154554,0.0,0.0,0.0,0.0,0.0,True,0.1345071902171114
burgers,8,0.03,8,0.46728913984733,0.42782978228709406,0.22637662688696372,0.0,0.0,0.0,0.0,0.0,True,0.1345071902171114
burgers,8,0.03,16,0.08718107586773288,0.058195839372072095,0.11942795309907472,0.0,0.0,0.0,0.0,0.0,True,0.1345071902171114
burgers,8,0.03,32,0.0028892730572388416,0.0004444355961803724,0.0046933930340093116,0.0,0.0,0.0,0.0,0.0,True,0.1345071902171114
burgers,8,0.03,64,2.190120355971009e-15,2.276232493336835e-15,9.809026752372157e-15,0.0,0.0,0.0,0.0,0.0,True,0.1345071902171114
burgers,9,0.036,2,0.8957593368645703,0.9174415773197887,0.30059060162672263,0.0,0.0,0.0,0.0,0.0,True,0.1345071902171114
burgers,9,0.036,4,0.5659126578629152,0.5400175433786294,0.270398646797782,0.0,0.0,0.0,0.0,0.0,True,0.1345071902171114
burgers,9,0.036,8,0.37189463281453605,0.3156510902804698,0.16245742609020997,0.0,0.0,0.0,0.0,0.0,True,0.1345071902171114
burgers,9,0.036,16,0.06135622335247772,0.0348635937445174,0.046331412144219174,0.0,0.0,0.0,0.0,0.0,True,0.1345071902171114
burgers,9,0.036,32,0.002047809714683393,0.000325280259747262,0.0030695642099362163,0.0,0.0,0.0,0.0,0.0,True,0.1345071902171114
burgers,9,0.036,64,1.070031011236852e-15,7.146051318411736e-16,2.2380171717586993e-14,0.0,0.0,0.0,0.0,0.0,True,0.1345071902171114
damped_wave,0,0.08,2,0.9944953167777941,0.9416040056590214,0.42874528567874204,0.0,0.0,0.0,0.0,0.0,False,0.1300820493968274
damped_wave,0,0.08,4,0.9757791199347052,0.9354885044470125,0.4086575463429363,0.0,0.0,0.0,0.0,0.0,False,0.1300820493968274
damped_wave,0,0.08,8,0.832463452619065,0.813374547633948,0.2846116226945002,0.0,0.0,0.0,0.0,0.0,False,0.1300820493968274
damped_wave,0,0.08,16,0.3988957317874624,0.5689413192413464,0.12177320989113717,0.0,0.0,0.0,0.0,0.0,False,0.1300820493968274
damped_wave,0,0.08,32,1.5289803244313715e-15,1.3815115175406588e-15,4.820953145248903e-15,0.0,0.0,0.0,0.0,0.0,False,0.1300820493968274
damped_wave,0,0.08,64,1.5399022397709523e-15,1.3970623990392428e-15,6.027648447141515e-15,0.0,0.0,0.0,0.0,0.0,False,0.1300820493968274
damped_wave,1,0.12,2,0.9242580666964785,0.9432947219693628,0.5037985794269525,0.0,0.0,0.0,0.0,0.0,False,0.1300820493968274
damped_wave,1,0.12,4,0.8527796732034364,0.8261152149668491,0.4078786061398823,0.0,0.0,0.0,0.0,0.0,False,0.1300820493968274
damped_wave,1,0.12,8,0.748363389032389,0.8930435357170335,0.33694170077815505,0.0,0.0,0.0,0.0,0.0,False,0.1300820493968274
damped_wave,1,0.12,16,0.41932355304909424,0.6376887704459053,0.1625167512733576,0.0,0.0,0.0,0.0,0.0,False,0.1300820493968274
damped_wave,1,0.12,32,9.792826538699338e-16,1.2068354029677035e-15,5.065053343469871e-15,0.0,0.0,0.0,0.0,0.0,False,0.1300820493968274
damped_wave,1,0.12,64,9.741717880738431e-16,1.216967330885346e-15,5.0672932297123645e-15,0.0,0.0,0.0,0.0,0.0,False,0.1300820493968274
damped_wave,2,0.17,2,0.9037767185388714,0.8753709654342986,0.6563790316066075,0.0,0.0,0.0,0.0,0.0,False,0.1300820493968274
damped_wave,2,0.17,4,0.8089356530020722,0.914669740671355,0.5457392557136067,0.0,0.0,0.0,0.0,0.0,False,0.1300820493968274
damped_wave,2,0.17,8,0.7337862752849676,0.9097967266158473,0.383162746395759,0.0,0.0,0.0,0.0,0.0,False,0.1300820493968274
damped_wave,2,0.17,16,0.1585356393515163,0.37956574328191495,0.0444127268542655,0.0,0.0,0.0,0.0,0.0,False,0.1300820493968274
damped_wave,2,0.17,32,1.0286402806930506e-15,1.0985319393175128e-15,5.6586096398224975e-15,0.0,0.0,0.0,0.0,0.0,False,0.1300820493968274
damped_wave,2,0.17,64,1.0559532679103952e-15,1.1476724343020787e-15,6.688643280865372e-15,0.0,0.0,0.0,0.0,0.0,False,0.1300820493968274
damped_wave,3,0.23,2,0.6416329362044172,0.6041646561364665,0.49965133660453165,0.06666666666666667,0.0,0.06666666666666667,0.0,0.06666666666666667,False,0.1300820493968274
damped_wave,3,0.23,4,0.57197612945101,0.6215839416828832,0.384327597687984,0.0,0.0,0.0,0.0,0.0,False,0.1300820493968274
damped_wave,3,0.23,8,0.4555026906365758,0.46295686919659634,0.24537517408302512,0.0,0.0,0.0,0.0,0.0,False,0.1300820493968274
damped_wave,3,0.23,16,0.29373924368334403,0.37625654443584244,0.16999009069052398,0.0,0.0,0.0,0.0,0.0,False,0.1300820493968274
damped_wave,3,0.23,32,1.009831086544168e-15,6.38181989463406e-16,5.958309355832298e-15,0.0,0.0,0.0,0.0,0.0,False,0.1300820493968274
damped_wave,3,0.23,64,1.0021546562495408e-15,7.098179819725518e-16,7.695134680575667e-15,0.0,0.0,0.0,0.0,0.0,False,0.1300820493968274
damped_wave,4,0.3,2,0.8366437146620789,0.806664371241213,0.5398860918844007,0.0,0.0,0.0,0.0,0.0,True,0.1300820493968274
damped_wave,4,0.3,4,0.8261363026872085,0.7036186666239719,0.4905128400536439,0.0,0.0,0.0,0.0,0.0,True,0.1300820493968274
damped_wave,4,0.3,8,0.6843891365348285,0.5706029407758223,0.2764238216015056,0.0,0.0,0.0,0.0,0.0,True,0.1300820493968274
damped_wave,4,0.3,16,0.23239454760806263,0.21477032314783787,0.08359484262147515,0.0,0.0,0.0,0.0,0.0,True,0.1300820493968274
damped_wave,4,0.3,32,1.0587160892716898e-15,1.2143176741784467e-15,4.5778073249940455e-15,0.0,0.0,0.0,0.0,0.0,True,0.1300820493968274
damped_wave,4,0.3,64,1.0761738617725405e-15,1.2610255995928568e-15,5.0036681588506106e-15,0.0,0.0,0.0,0.0,0.0,True,0.1300820493968274
damped_wave,5,0.38,2,0.891987739689772,0.9278643990436324,0.2795575528514382,0.0,0.0,0.0,0.0,0.0,True,0.1300820493968274
damped_wave,5,0.38,4,0.7185361337909172,0.8274289396997112,0.16132968240235337,0.0,0.0,0.0,0.0,0.0,True,0.1300820493968274
damped_wave,5,0.38,8,0.5993176736857247,0.6807136784640044,0.1356659857700853,0.0,0.0,0.0,0.0,0.0,True,0.1300820493968274
damped_wave,5,0.38,16,0.3198953809473455,0.2424056154983017,0.044427813123962004,0.0,0.0,0.0,0.0,0.0,True,0.1300820493968274
damped_wave,5,0.38,32,1.1751514212274442e-15,8.884438610221606e-16,3.018868379714202e-15,0.0,0.0,0.0,0.0,0.0,True,0.1300820493968274
damped_wave,5,0.38,64,1.1828495712472512e-15,8.502806539107103e-16,2.363959800347634e-15,0.0,0.0,0.0,0.0,0.0,True,0.1300820493968274
damped_wave,6,0.04,2,0.9461833340524431,0.9021834353267562,0.2827830593550649,0.0,0.0,0.0,0.0,0.0,True,0.1300820493968274
damped_wave,6,0.04,4,0.9314070811908899,0.8788467806642142,0.2752345529882533,0.0,0.0,0.0,0.0,0.0,True,0.1300820493968274
damped_wave,6,0.04,8,0.7595569923507796,0.6243680866502533,0.19861918076956195,0.0,0.0,0.0,0.0,0.0,True,0.1300820493968274
damped_wave,6,0.04,16,0.4250672436579494,0.5201971609568882,0.08152011786768612,0.0,0.0,0.0,0.0,0.0,True,0.1300820493968274
damped_wave,6,0.04,32,1.6486287104213826e-15,1.0121986530653545e-15,3.1326564977779225e-15,0.0,0.0,0.0,0.0,0.0,True,0.1300820493968274
damped_wave,6,0.04,64,1.6130917823500131e-15,1.0165643554867042e-15,3.4910855654001257e-15,0.0,0.0,0.0,0.0,0.0,True,0.1300820493968274
damped_wave,7,0.08,2,0.6708557915330912,0.7082820602601513,0.4679492099447161,0.0,0.0,0.0,0.0,0.0,True,0.1300820493968274
damped_wave,7,0.08,4,0.5921227161363635,0.7434263855872791,0.4176774240398585,0.0,0.0,0.0,0.0,0.0,True,0.1300820493968274
damped_wave,7,0.08,8,0.45326359476681666,0.46041529453648306,0.26410261017087955,0.0,0.0,0.0,0.0,0.0,True,0.1300820493968274
damped_wave,7,0.08,16,0.28561582966997984,0.343333737885791,0.17141545156225746,0.0,0.0,0.0,0.0,0.0,True,0.1300820493968274
damped_wave,7,0.08,32,1.0433344162438626e-15,1.3504133099511385e-15,7.458489982341583e-15,0.0,0.0,0.0,0.0,0.0,True,0.1300820493968274
damped_wave,7,0.08,64,1.004818091276526e-15,1.3179495865868844e-15,6.502257894608436e-15,0.0,0.0,0.0,0.0,0.0,True,0.1300820493968274
damped_wave,8,0.12,2,0.7849935646721622,0.8356209334786936,0.489059207831083,0.0,0.0,0.0,0.0,0.0,False,0.1300820493968274
damped_wave,8,0.12,4,0.6536085293074074,0.7742182210096438,0.3379927950264998,0.0,0.0,0.0,0.0,0.0,False,0.1300820493968274
damped_wave,8,0.12,8,0.6311446650979352,0.48896451713471245,0.31595078926854614,0.0,0.0,0.0,0.0,0.0,False,0.1300820493968274
damped_wave,8,0.12,16,0.2008340067869578,0.39879930304340355,0.06545165762373983,0.0,0.0,0.0,0.0,0.0,False,0.1300820493968274
damped_wave,8,0.12,32,1.0696364813052899e-15,8.528051878555784e-16,5.959926240980661e-15,0.0,0.0,0.0,0.0,0.0,False,0.1300820493968274
damped_wave,8,0.12,64,1.1209023865967534e-15,8.688874383039336e-16,5.7723213637310924e-15,0.0,0.0,0.0,0.0,0.0,False,0.1300820493968274
damped_wave,9,0.17,2,0.9102108922868339,1.03529952391089,0.4464461695803737,0.0,0.0,0.0,0.0,0.0,False,0.1300820493968274
damped_wave,9,0.17,4,0.6487676345995125,0.5696767501476746,0.243801078410315,0.0,0.0,0.0,0.0,0.0,False,0.1300820493968274
damped_wave,9,0.17,8,0.4771661472247585,0.48117328922251495,0.1621070223802895,0.0,0.0,0.0,0.0,0.0,False,0.1300820493968274
damped_wave,9,0.17,16,0.16894219796316146,0.09003709259811168,0.06997195714236956,0.0,0.0,0.0,0.0,0.0,False,0.1300820493968274
damped_wave,9,0.17,32,1.1123535216270564e-15,1.0627410956091878e-15,4.153451776505326e-15,0.0,0.0,0.0,0.0,0.0,False,0.1300820493968274
damped_wave,9,0.17,64,1.1584260664788047e-15,1.025597218826116e-15,5.281795080340329e-15,0.0,0.0,0.0,0.0,0.0,False,0.1300820493968274
