family,case,metric,method,reported_mean,reported_std,winner_probability,rank_entropy
Burgers,1d-C,L2RE,LAAF,0.0143,0.00144,0.39221,0.5762979470253508
Burgers,1d-C,L2RE,PINN,0.0145,0.00159,0.34113,0.5762979470253508
Burgers,1d-C,L2RE,RAR,0.0332,0.0214,0.10535,0.5762979470253508
Burgers,1d-C,L2RE,LRA,0.0261,0.0118,0.08737,0.5762979470253508
Burgers,1d-C,L2RE,NTK,0.0184,0.00366,0.07312,0.5762979470253508
Burgers,1d-C,L2RE,GAAF,0.052,0.0208,0.00046,0.5762979470253508
Burgers,1d-C,L2RE,PINN-w,0.0263,0.00468,0.00025,0.5762979470253508
Burgers,1d-C,L2RE,MultiAdam,0.0485,0.0161,0.00011,0.5762979470253508
Burgers,1d-C,L2RE,gPINN,0.216,0.0334,0.0,0.5762979470253508
Burgers,1d-C,L2RE,vPINN,0.347,0.0349,0.0,0.5762979470253508
Burgers,1d-C,L2RE,FBPINN,0.232,0.0914,0.0,0.5762979470253508
Burgers,2d-C,L2RE,LRA,0.26,0.00578,0.81014,0.28209790719898187
Burgers,2d-C,L2RE,LAAF,0.277,0.0139,0.11915,0.28209790719898187
Burgers,2d-C,L2RE,PINN-w,0.27,0.00393,0.05796,0.28209790719898187
Burgers,2d-C,L2RE,NTK,0.275,0.00478,0.01115,0.28209790719898187
Burgers,2d-C,L2RE,GAAF,0.295,0.0117,0.0016,0.28209790719898187
Burgers,2d-C,L2RE,PINN,0.324,0.000754,0.0,0.28209790719898187
Burgers,2d-C,L2RE,RAR,0.345,4.56e-05,0.0,0.28209790719898187
Burgers,2d-C,L2RE,MultiAdam,0.333,0.00865,0.0,0.28209790719898187
Burgers,2d-C,L2RE,gPINN,0.327,0.000125,0.0,0.28209790719898187
Burgers,2d-C,L2RE,vPINN,0.638,0.0147,0.0,0.28209790719898187
Chaotic,GS,L2RE,FBPINN,0.0799,0.0169,0.63589,0.5080878951307284
Chaotic,GS,L2RE,PINN-w,0.158,0.091,0.13973,0.5080878951307284
Chaotic,GS,L2RE,PINN,0.319,0.318,0.09159,0.5080878951307284
Chaotic,GS,L2RE,MultiAdam,0.0937,1.21e-05,0.05126,0.5080878951307284
Chaotic,GS,L2RE,LRA,0.0937,4.42e-05,0.05096,0.5080878951307284
Chaotic,GS,L2RE,RAR,0.0946,0.000946,0.02051,0.5080878951307284
Chaotic,GS,L2RE,gPINN,0.248,0.11,0.00647,0.5080878951307284
Chaotic,GS,L2RE,NTK,0.216,0.0773,0.00359,0.5080878951307284
Chaotic,GS,L2RE,vPINN,1.16,0.143,0.0,0.5080878951307284
Chaotic,GS,L2RE,LAAF,0.0947,7.07e-05,0.0,0.5080878951307284
Chaotic,GS,L2RE,GAAF,0.0946,0.000115,0.0,0.5080878951307284
Chaotic,KS,L2RE,LRA,0.957,0.00285,0.63197,0.4337870180593137
Chaotic,KS,L2RE,MultiAdam,0.961,0.00477,0.19758,0.4337870180593137
Chaotic,KS,L2RE,PINN-w,0.986,0.0224,0.09208,0.4337870180593137
Chaotic,KS,L2RE,NTK,0.964,0.00494,0.07612,0.4337870180593137
Chaotic,KS,L2RE,FBPINN,1.02,0.0231,0.00216,0.4337870180593137
Chaotic,KS,L2RE,GAAF,1.0,0.0124,9e-05,0.4337870180593137
Chaotic,KS,L2RE,PINN,1.01,0.00128,0.0,0.4337870180593137
Chaotic,KS,L2RE,RAR,1.01,0.000863,0.0,0.4337870180593137
Chaotic,KS,L2RE,gPINN,0.994,0.00383,0.0,0.4337870180593137
Chaotic,KS,L2RE,vPINN,0.972,0.00058,0.0,0.4337870180593137
Chaotic,KS,L2RE,LAAF,1.01,0.00212,0.0,0.4337870180593137
Heat,2d-CG,L2RE,LAAF,0.0239,0.00139,0.78347,0.26708981231856604
Heat,2d-CG,L2RE,RAR,0.0272,0.00322,0.16643,0.26708981231856604
Heat,2d-CG,L2RE,PINN,0.0364,0.00882,0.04998,0.26708981231856604
Heat,2d-CG,L2RE,FBPINN,0.0916,0.0329,0.00012,0.26708981231856604
Heat,2d-CG,L2RE,PINN-w,0.145,0.00477,0.0,0.26708981231856604
Heat,2d-CG,L2RE,LRA,0.125,0.0043,0.0,0.26708981231856604
Heat,2d-CG,L2RE,NTK,0.116,0.0121,0.0,0.26708981231856604
Heat,2d-CG,L2RE,MultiAdam,0.0712,0.013,0.0,0.26708981231856604
Heat,2d-CG,L2RE,gPINN,0.0938,0.0145,0.0,0.26708981231856604
Heat,2d-CG,L2RE,vPINN,1.67,0.00362,0.0,0.26708981231856604
Heat,2d-CG,L2RE,GAAF,0.461,0.263,0.0,0.26708981231856604
Heat,2d-LT,L2RE,LAAF,0.999,0.000449,0.37387,0.6513361468996575
Heat,2d-LT,L2RE,GAAF,0.999,0.00022,0.23467,0.6513361468996575
Heat,2d-LT,L2RE,RAR,0.999,0.000156,0.17731,0.6513361468996575
Heat,2d-LT,L2RE,PINN-w,0.999,8.01e-05,0.0942,0.6513361468996575
Heat,2d-LT,L2RE,LRA,0.999,7.37e-05,0.08756,0.6513361468996575
Heat,2d-LT,L2RE,PINN,0.999,1.05e-05,0.03236,0.6513361468996575
Heat,2d-LT,L2RE,NTK,1.0,0.000282,3e-05,0.6513361468996575
Heat,2d-LT,L2RE,MultiAdam,1.0,3.85e-05,0.0,0.6513361468996575
Heat,2d-LT,L2RE,gPINN,1.0,9.82e-05,0.0,0.6513361468996575
Heat,2d-LT,L2RE,vPINN,1.0,0.0,0.0,0.6513361468996575
Heat,2d-LT,L2RE,FBPINN,1.01,0.000123,0.0,0.6513361468996575
Heat,2d-MS,L2RE,NTK,0.044,0.00481,0.86268,0.21864393178661085
Heat,2d-MS,L2RE,PINN,0.0621,0.0138,0.08785,0.21864393178661085
Heat,2d-MS,L2RE,LAAF,0.074,0.0192,0.03418,0.21864393178661085
Heat,2d-MS,L2RE,LRA,0.0879,0.0256,0.01434,0.21864393178661085
Heat,2d-MS,L2RE,RAR,0.0749,0.0105,0.00085,0.21864393178661085
Heat,2d-MS,L2RE,MultiAdam,0.218,0.0926,0.0001,0.21864393178661085
Heat,2d-MS,L2RE,PINN-w,0.242,0.0267,0.0,0.21864393178661085
Heat,2d-MS,L2RE,gPINN,0.113,0.00308,0.0,0.21864393178661085
Heat,2d-MS,L2RE,vPINN,0.93,0.0206,0.0,0.21864393178661085
Heat,2d-MS,L2RE,GAAF,0.985,0.104,0.0,0.21864393178661085
Heat,2d-MS,L2RE,FBPINN,0.082,0.00487,0.0,0.21864393178661085
Heat,2d-VC,L2RE,LRA,0.212,0.000861,0.57419,0.36536693126058484
Heat,2d-VC,L2RE,NTK,0.214,0.00582,0.35349,0.36536693126058484
Heat,2d-VC,L2RE,PINN-w,0.235,0.017,0.07232,0.36536693126058484
Heat,2d-VC,L2RE,PINN,1.01,0.0634,0.0,0.36536693126058484
Heat,2d-VC,L2RE,RAR,0.966,0.0186,0.0,0.36536693126058484
Heat,2d-VC,L2RE,MultiAdam,0.475,0.0844,0.0,0.36536693126058484
Heat,2d-VC,L2RE,gPINN,2.12,0.551,0.0,0.36536693126058484
Heat,2d-VC,L2RE,vPINN,0.94,0.173,0.0,0.36536693126058484
Heat,2d-VC,L2RE,LAAF,0.642,0.0632,0.0,0.36536693126058484
Heat,2d-VC,L2RE,GAAF,0.849,0.106,0.0,0.36536693126058484
Heat,2d-VC,L2RE,FBPINN,0.952,0.00229,0.0,0.36536693126058484
High dim,HNd,L2RE,MultiAdam,0.302,0.0407,0.66335,0.29072512803088174
High dim,HNd,L2RE,gPINN,0.317,0.00666,0.33665,0.29072512803088174
High dim,HNd,L2RE,PINN,0.361,0.0044,0.0,0.29072512803088174
High dim,HNd,L2RE,PINN-w,0.459,0.00434,0.0,0.29072512803088174
High dim,HNd,L2RE,LRA,0.394,0.0128,0.0,0.29072512803088174
High dim,HNd,L2RE,NTK,0.397,0.0126,0.0,0.29072512803088174
High dim,HNd,L2RE,RAR,0.357,0.00369,0.0,0.29072512803088174
High dim,HNd,L2RE,LAAF,0.522,0.00312,0.0,0.29072512803088174
High dim,HNd,L2RE,GAAF,0.521,0.000779,0.0,0.29072512803088174
High dim,PNd,L2RE,LRA,0.000458,1.89e-05,0.99387,0.017667415339828033
High dim,PNd,L2RE,NTK,0.00464,0.00436,0.00573,0.017667415339828033
High dim,PNd,L2RE,PINN-w,0.00258,0.00131,0.0004,0.017667415339828033
High dim,PNd,L2RE,PINN,0.00304,0.000562,0.0,0.017667415339828033
High dim,PNd,L2RE,RAR,0.00359,0.00125,0.0,0.017667415339828033
High dim,PNd,L2RE,MultiAdam,0.00398,0.00111,0.0,0.017667415339828033
High dim,PNd,L2RE,gPINN,0.00505,0.000607,0.0,0.017667415339828033
High dim,PNd,L2RE,LAAF,0.00414,0.000559,0.0,0.017667415339828033
High dim,PNd,L2RE,GAAF,0.00775,0.00141,0.0,0.017667415339828033
Inverse,HInv,L2RE,LRA,0.0509,0.00434,0.62453,0.2898535222065013
Inverse,HInv,L2RE,PINN-w,0.0526,0.00331,0.36971,0.2898535222065013
Inverse,HInv,L2RE,LAAF,0.559,0.524,0.0041,0.2898535222065013
Inverse,HInv,L2RE,MultiAdam,0.0804,0.012,0.00166,0.2898535222065013
Inverse,HInv,L2RE,PINN,1.57,0.0721,0.0,0.2898535222065013
Inverse,HInv,L2RE,NTK,0.0752,0.00542,0.0,0.2898535222065013
Inverse,HInv,L2RE,RAR,1.52,0.0646,0.0,0.2898535222065013
Inverse,HInv,L2RE,gPINN,4.84,2.07,0.0,0.2898535222065013
Inverse,HInv,L2RE,vPINN,0.456,0.013,0.0,0.2898535222065013
Inverse,HInv,L2RE,GAAF,0.212,0.0489,0.0,0.2898535222065013
Inverse,HInv,L2RE,FBPINN,0.927,0.12,0.0,0.2898535222065013
Inverse,PInv,L2RE,vPINN,0.0245,0.0103,0.99843,0.005473822920066075
Inverse,PInv,L2RE,gPINN,0.0803,0.00279,0.00089,0.005473822920066075
Inverse,PInv,L2RE,GAAF,0.254,0.153,0.00054,0.005473822920066075
Inverse,PInv,L2RE,RAR,0.0935,0.0112,0.00014,0.005473822920066075
Inverse,PInv,L2RE,PINN,0.0942,0.00158,0.0,0.005473822920066075
Inverse,PInv,L2RE,PINN-w,0.166,0.00545,0.0,0.005473822920066075
Inverse,PInv,L2RE,LRA,0.154,0.00332,0.0,0.005473822920066075
Inverse,PInv,L2RE,NTK,0.193,0.0139,0.0,0.005473822920066075
Inverse,PInv,L2RE,MultiAdam,0.13,0.0155,0.0,0.005473822920066075
Inverse,PInv,L2RE,LAAF,0.13,0.0107,0.0,0.005473822920066075
Inverse,PInv,L2RE,FBPINN,0.844,0.137,0.0,0.005473822920066075
NS,2d-C,L2RE,LAAF,0.036,0.00387,0.62986,0.2897785334754546
NS,2d-C,L2RE,GAAF,0.0379,0.00432,0.36902,0.2897785334754546
NS,2d-C,L2RE,FBPINN,0.0845,0.0226,0.00087,0.2897785334754546
NS,2d-C,L2RE,PINN,0.047,0.00112,0.00025,0.2897785334754546
NS,2d-C,L2RE,PINN-w,0.145,0.0121,0.0,0.2897785334754546
NS,2d-C,L2RE,NTK,0.198,0.026,0.0,0.2897785334754546
NS,2d-C,L2RE,RAR,0.469,0.0116,0.0,0.2897785334754546
NS,2d-C,L2RE,MultiAdam,0.727,0.195,0.0,0.2897785334754546
NS,2d-C,L2RE,gPINN,0.077,0.00299,0.0,0.2897785334754546
NS,2d-C,L2RE,vPINN,0.292,0.0824,0.0,0.2897785334754546
NS,2d-CG,L2RE,LAAF,0.0824,0.00821,0.95465,0.07769004064547136
NS,2d-CG,L2RE,GAAF,0.174,0.07,0.04507,0.07769004064547136
NS,2d-CG,L2RE,PINN,0.119,0.00546,0.00028,0.07769004064547136
NS,2d-CG,L2RE,PINN-w,0.326,0.00769,0.0,0.07769004064547136
NS,2d-CG,L2RE,LRA,0.332,0.0076,0.0,0.07769004064547136
NS,2d-CG,L2RE,NTK,0.293,0.0202,0.0,0.07769004064547136
NS,2d-CG,L2RE,RAR,0.334,0.000652,0.0,0.07769004064547136
NS,2d-CG,L2RE,MultiAdam,0.431,0.0695,0.0,0.07769004064547136
NS,2d-CG,L2RE,gPINN,0.154,0.00589,0.0,0.07769004064547136
NS,2d-CG,L2RE,vPINN,0.994,0.0038,0.0,0.07769004064547136
NS,2d-CG,L2RE,FBPINN,8.27,3.68e-05,0.0,0.07769004064547136
NS,2d-LT,L2RE,gPINN,0.995,0.000719,0.61721,0.4025173930483797
NS,2d-LT,L2RE,PINN,0.996,0.00119,0.19486,0.4025173930483797
NS,2d-LT,L2RE,LAAF,0.998,0.00342,0.18005,0.4025173930483797
NS,2d-LT,L2RE,FBPINN,1.0,0.00207,0.0074,0.4025173930483797
NS,2d-LT,L2RE,GAAF,0.999,0.0011,0.00048,0.4025173930483797
NS,2d-LT,L2RE,PINN-w,1.0,0.000334,0.0,0.4025173930483797
NS,2d-LT,L2RE,LRA,1.0,0.000405,0.0,0.4025173930483797
NS,2d-LT,L2RE,NTK,0.999,0.000604,0.0,0.4025173930483797
NS,2d-LT,L2RE,RAR,1.0,0.000335,0.0,0.4025173930483797
NS,2d-LT,L2RE,MultiAdam,1.0,0.000219,0.0,0.4025173930483797
NS,2d-LT,L2RE,vPINN,1.73,1e-05,0.0,0.4025173930483797
Poisson,2d-C,L2RE,NTK,0.0123,0.00737,0.90814,0.15862806986218733
Poisson,2d-C,L2RE,MultiAdam,0.0263,0.00657,0.06323,0.15862806986218733
Poisson,2d-C,L2RE,LRA,0.117,0.126,0.02217,0.15862806986218733
Poisson,2d-C,L2RE,PINN-w,0.0349,0.00691,0.00614,0.15862806986218733
Poisson,2d-C,L2RE,FBPINN,0.0449,0.00791,0.00032,0.15862806986218733
Poisson,2d-C,L2RE,PINN,0.694,0.00878,0.0,0.15862806986218733
Poisson,2d-C,L2RE,RAR,0.699,0.00746,0.0,0.15862806986218733
Poisson,2d-C,L2RE,gPINN,0.687,0.0187,0.0,0.15862806986218733
Poisson,2d-C,L2RE,vPINN,0.491,0.0155,0.0,0.15862806986218733
Poisson,2d-C,L2RE,LAAF,0.768,0.047,0.0,0.15862806986218733
Poisson,2d-C,L2RE,GAAF,0.604,0.0752,0.0,0.15862806986218733
Poisson,2d-CG,L2RE,NTK,0.0143,0.00431,0.98914,0.02543588318328682
Poisson,2d-CG,L2RE,FBPINN,0.029,0.00392,0.01064,0.02543588318328682
Poisson,2d-CG,L2RE,LRA,0.0434,0.00795,0.00022,0.02543588318328682
Poisson,2d-CG,L2RE,PINN,0.636,0.00257,0.0,0.02543588318328682
Poisson,2d-CG,L2RE,PINN-w,0.0608,0.00488,0.0,0.02543588318328682
Poisson,2d-CG,L2RE,RAR,0.648,0.00787,0.0,0.02543588318328682
Poisson,2d-CG,L2RE,MultiAdam,0.276,0.103,0.0,0.02543588318328682
Poisson,2d-CG,L2RE,gPINN,0.792,0.00456,0.0,0.02543588318328682
Poisson,2d-CG,L2RE,vPINN,0.286,0.002,0.0,0.02543588318328682
Poisson,2d-CG,L2RE,LAAF,0.48,0.0143,0.0,0.02543588318328682
Poisson,2d-CG,L2RE,GAAF,0.871,0.267,0.0,0.02543588318328682
Poisson,2d-MS,L2RE,LAAF,0.593,0.118,0.4963,0.44533854511550514
Poisson,2d-MS,L2RE,MultiAdam,0.59,0.0406,0.37736,0.44533854511550514
Poisson,2d-MS,L2RE,gPINN,0.616,0.0174,0.09614,0.44533854511550514
Poisson,2d-MS,L2RE,PINN,0.63,0.0107,0.01712,0.44533854511550514
Poisson,2d-MS,L2RE,RAR,0.644,0.0213,0.01291,0.44533854511550514
Poisson,2d-MS,L2RE,LRA,0.794,0.0651,0.00017,0.44533854511550514
Poisson,2d-MS,L2RE,PINN-w,0.76,0.00696,0.0,0.44533854511550514
Poisson,2d-MS,L2RE,NTK,0.748,0.00994,0.0,0.44533854511550514
Poisson,2d-MS,L2RE,vPINN,0.972,0.0223,0.0,0.44533854511550514
Poisson,2d-MS,L2RE,GAAF,0.931,0.0712,0.0,0.44533854511550514
Poisson,2d-MS,L2RE,FBPINN,1.04,6.13e-05,0.0,0.44533854511550514
Poisson,3d-CG,L2RE,LRA,0.102,0.0316,0.99979,0.000829203262850505
Poisson,3d-CG,L2RE,MultiAdam,0.363,0.0781,0.00021,0.000829203262850505
Poisson,3d-CG,L2RE,PINN,0.56,0.0284,0.0,0.000829203262850505
Poisson,3d-CG,L2RE,PINN-w,0.374,0.0323,0.0,0.000829203262850505
Poisson,3d-CG,L2RE,NTK,0.947,0.000494,0.0,0.000829203262850505
Poisson,3d-CG,L2RE,RAR,0.576,0.054,0.0,0.000829203262850505
Poisson,3d-CG,L2RE,gPINN,0.485,0.057,0.0,0.000829203262850505
Poisson,3d-CG,L2RE,vPINN,0.738,0.000647,0.0,0.000829203262850505
Poisson,3d-CG,L2RE,LAAF,0.579,0.0265,0.0,0.000829203262850505
Poisson,3d-CG,L2RE,GAAF,0.502,0.0747,0.0,0.000829203262850505
Poisson,3d-CG,L2RE,FBPINN,0.739,0.0724,0.0,0.000829203262850505
Wave,1d-C,L2RE,NTK,0.0979,0.00772,0.89248,0.1423326039019116
Wave,1d-C,L2RE,MultiAdam,0.121,0.0176,0.10752,0.1423326039019116
Wave,1d-C,L2RE,PINN,0.588,0.0963,0.0,0.1423326039019116
Wave,1d-C,L2RE,PINN-w,0.285,0.00897,0.0,0.1423326039019116
Wave,1d-C,L2RE,LRA,0.361,0.0195,0.0,0.1423326039019116
Wave,1d-C,L2RE,RAR,0.539,0.0177,0.0,0.1423326039019116
Wave,1d-C,L2RE,gPINN,0.556,0.0167,0.0,0.1423326039019116
Wave,1d-C,L2RE,vPINN,0.839,0.0594,0.0,0.1423326039019116
Wave,1d-C,L2RE,LAAF,0.454,0.0108,0.0,0.1423326039019116
Wave,1d-C,L2RE,GAAF,0.677,0.105,0.0,0.1423326039019116
Wave,1d-C,L2RE,FBPINN,0.591,0.0474,0.0,0.1423326039019116
Wave,2d-CG,L2RE,vPINN,0.799,0.0431,0.43621,0.46165431487633324
Wave,2d-CG,L2RE,GAAF,0.794,0.00933,0.41188,0.46165431487633324
Wave,2d-CG,L2RE,LAAF,0.819,0.0267,0.11456,0.46165431487633324
Wave,2d-CG,L2RE,gPINN,0.814,0.0118,0.03515,0.46165431487633324
Wave,2d-CG,L2RE,MultiAdam,1.09,0.124,0.00212,0.46165431487633324
Wave,2d-CG,L2RE,RAR,1.15,0.106,5e-05,0.46165431487633324
Wave,2d-CG,L2RE,FBPINN,1.06,0.0754,3e-05,0.46165431487633324
Wave,2d-CG,L2RE,PINN,1.84,0.34,0.0,0.46165431487633324
Wave,2d-CG,L2RE,PINN-w,1.66,0.0739,0.0,0.46165431487633324
Wave,2d-CG,L2RE,LRA,1.48,0.103,0.0,0.46165431487633324
Wave,2d-CG,L2RE,NTK,2.16,0.101,0.0,0.46165431487633324
Wave,2d-MS,L2RE,vPINN,0.982,0.00123,0.82533,0.29519977692603
Wave,2d-MS,L2RE,GAAF,1.06,0.0535,0.06374,0.29519977692603
Wave,2d-MS,L2RE,RAR,1.35,0.243,0.0418,0.29519977692603
Wave,2d-MS,L2RE,PINN,1.34,0.234,0.04162,0.29519977692603
Wave,2d-MS,L2RE,NTK,1.04,0.0311,0.02482,0.29519977692603
Wave,2d-MS,L2RE,LRA,1.02,0.0136,0.00221,0.29519977692603
Wave,2d-MS,L2RE,PINN-w,1.02,0.0116,0.00048,0.29519977692603
Wave,2d-MS,L2RE,MultiAdam,1.01,0.00564,0.0,0.29519977692603
Wave,2d-MS,L2RE,gPINN,1.02,0.004,0.0,0.29519977692603
Wave,2d-MS,L2RE,LAAF,1.06,0.0171,0.0,0.29519977692603
Wave,2d-MS,L2RE,FBPINN,1.03,0.00668,0.0,0.29519977692603
